{"0": [142512.0, 139262.0, 29194.0, 27860.0, 11392.0, 10175.0, 7632.0, 7632.0, 6053.5, 6053.5, 2341.25], "1": [30920.0, 30490.0, 10681.0, 10681.0, 7922.333333333333, 7640.333333333333, 4767.0, 4767.0, 1326.0, 1326.0, 2373.6666666666665], "2": [0.0, 1189.5, 0.0, 0.0, 0.0, 0.0, 17.0, 17.0, 0.0, 0.0, 0.0], "3": [12894.0, 12353.0, 7381.0, 7381.0, 1961.0, 1961.0, 1395.0, 1370.0000000000002, 776.0, 776.0, 605.0], "4": [32010.0, 32872.0, 30996.5, 30996.5, 9401.0, 8757.0, 4729.5, 4729.5, 3473.5, 3473.5, 1657.3333333333333], "5": [2506.0, 2826.0, 1419.0, 1419.0, 1290.0, 1290.0, 0.0, 0.0, 51.0, 283.0, 656.6666666666666], "6": [135945.0, 131697.0, 64897.0, 60537.0, 26932.0, 22659.0, 28940.166666666668, 28879.166666666668, 7068.833333333334, 6980.833333333334, 10872.5], "7": [40761.0, 42052.0, 94105.0, 93077.0, 24185.0, 23755.0, 31217.833333333332, 29565.833333333332, 8138.0, 8048.0, 3503.6666666666665], "8": [9646.0, 9646.0, 25792.0, 27831.0, 28108.0, 27982.0, 1199.0, 1199.0, 5979.5, 6087.5, 1148.5], "9": [74278.0, 74446.0, 5410.0, 5410.0, 13179.5, 13089.5, 4729.0, 4729.0, 3202.5, 3202.5, 1899.1666666666665], "10": [112143.0, 112225.0, 33118.5, 31528.5, 30331.0, 29962.0, 10346.0, 10346.0, 10787.0, 10757.0, 2750.25], "11": [81923.0, 79131.0, 60734.5, 60734.5, 38078.0, 37622.0, 18334.5, 18334.5, 7148.5, 7148.5, 4339.166666666666], "12": [127894.0, 127594.0, 29563.5, 29563.5, 33585.5, 33585.5, 6878.5, 6878.5, 4670.5, 4670.5, 3886.833333333333], "13": [28913.0, 30421.0, 37048.0, 37048.0, 17516.0, 17434.0, 4974.5, 4974.5, 5556.333333333334, 5556.333333333334, 1342.6666666666667], "14": [12456.0, 12456.0, 9106.0, 8854.0, 12686.0, 12421.0, 4630.666666666666, 4630.666666666666, 2686.5, 2686.5, 363.0], "15": [20983.0, 20983.0, 7076.5, 7076.5, 4126.0, 4662.0, 3014.5, 2971.5, 1156.0, 1115.0, 1552.3333333333333], "16": [6124.0, 6124.0, 4442.0, 4442.0, 9524.5, 9242.5, 902.0, 902.0, 1499.0, 1499.0, 432.49999999999994], "17": [80523.5, 79707.5, 80314.5, 79284.5, 29224.5, 29510.5, 14840.0, 14840.0, 10805.5, 10805.5, 3916.5], "18": [17159.0, 17166.0, 1248.0, 1248.0, 4676.0, 4676.0, 138.0, 138.0, 165.0, 165.0, 52.0], "19": [38726.0, 37700.0, 13426.0, 13426.0, 10386.5, 10386.5, 5122.0, 5122.0, 3316.0, 3316.0, 841.5], "20": [47915.5, 48460.5, 8898.0, 7995.0, 7934.0, 7862.0, 3526.5, 3526.5, 1699.5, 1699.5, 1619.5], "21": [11402.0, 11094.0, 1396.0, 1396.0, 2454.0, 2454.0, 1087.0, 1087.0, 138.0, 138.0, 182.0], "22": [45882.0, 47061.5, 35534.0, 37580.0, 4906.0, 4778.0, 8561.0, 9097.0, 5589.5, 5073.5, 2419.25], "23": [12226.0, 12226.0, 7017.0, 7017.0, 10084.0, 10084.0, 8927.5, 8563.5, 3234.5, 3234.5, 649.0], "24": [3519.0, 3465.0, 476.0, 476.0, 731.0, 731.0, 382.5, 382.5, 79.0, 79.0, 165.66666666666666], "25": [0.0, 0.0, 8.0, 309.0, 3158.0, 3158.0, 240.0, 240.0, 1342.6666666666665, 1342.6666666666665, 102.0], "26": [27915.0, 28124.0, 3353.0, 3353.0, 1076.0, 1076.0, 2459.0, 2459.0, 856.0, 856.0, 682.5], "27": [3135.0, 3135.0, 2707.0, 2707.0, 1030.0, 1030.0, 525.0, 525.0, 770.0, 770.0, 70.16666666666669], "28": [4168.0, 4168.0, 746.0, 555.0, 152.0, 152.0, 206.0, 206.0, 33.5, 25.5, 83.0], "29": [2749.0, 2495.0, 4477.5, 4292.5, 2003.3333333333333, 2371.333333333333, 3011.0, 3011.0, 869.0, 869.0, 943.1666666666667], "30": [3811.0, 3811.0, 1034.0, 1034.0, 230.0, 230.0, 997.0, 997.0, 532.0, 532.0, 320.5], "31": [26226.0, 26226.0, 12426.0, 12426.0, 7926.666666666667, 8314.666666666668, 1294.0, 1294.0, 1267.0, 1267.0, 504.0], "32": [1526.0, 1526.0, 973.0, 973.0, 116.0, 116.0, 135.0, 135.0, 23.0, 23.0, 0.0], "33": [35794.5, 29453.5, 15433.0, 15433.0, 11873.0, 11820.0, 2669.5, 2623.5, 9776.0, 9776.0, 0.0], "34": [3775.0, 3775.0, 1068.0, 1068.0, 360.0, 360.0, 383.0, 383.0, 549.5, 549.5, 80.0], "35": [2743.0, 2488.0, 5546.5, 5546.5, 315.0, 315.0, 319.0, 319.0, 320.5, 266.5, 431.33333333333326], "36": [8006.0, 8006.0, 5381.0, 5381.0, 1480.0, 1480.0, 1956.5, 1956.5, 228.0, 228.0, 704.25], "37": [2252.0, 2252.0, 351.0, 351.0, 0.0, 0.0, 102.0, 102.0, 24.0, 24.0, 0.0], "38": [6368.0, 6274.0, 2895.0, 2895.0, 503.5, 503.5, 4864.5, 4864.5, 32.0, 32.0, 740.0], "39": [4967.0, 4967.0, 1341.0, 1341.0, 232.0, 232.0, 109.0, 109.0, 131.0, 131.0, 0.0], "40": [4030.0, 2960.0, 5832.0, 5882.0, 357.5, 357.5, 329.0, 329.0, 0.0, 0.0, 51.0], "41": [736.0, 736.0, 1532.0, 1532.0, 478.0, 478.0, 177.0, 177.0, 92.0, 92.0, 11.0], "42": [11363.0, 10843.0, 2114.0, 2114.0, 2427.0, 2427.0, 102.0, 102.0, 185.0, 185.0, 14.0], "43": [2181.0, 2181.0, 314.0, 314.0, 1279.0, 3209.0, 8331.0, 8331.0, 1604.0, 1468.0, 409.41666666666663], "44": [2808.0, 2808.0, 3719.0, 3719.0, 1193.5, 1193.5, 66.0, 66.0, 55.99999999999996, 55.99999999999996, 139.0], "45": [0.0, 0.0, 0.0, 0.0, 289.0, 289.0, 111.0, 111.0, 85.0, 85.0, 98.0], "46": [7867.0, 7222.0, 14263.5, 14263.5, 6716.0, 7156.0, 2491.5, 2491.5, 1167.0, 1167.0, 491.16666666666663], "47": [4608.0, 4608.0, 2108.0, 2108.0, 472.0, 590.0, 286.5, 286.5, 66.0, 66.0, 28.0], "48": [0.0, 0.0, 0.0, 0.0, 39.0, 39.0, 0.0, 0.0, 0.0, 0.0, 0.0], "49": [4371.0, 4277.0, 0.0, 0.0, 509.0, 449.0, 0.0, 0.0, 0.0, 0.0, 24.49999999999995], "50": [0.0, 5481.0, 4437.0, 6109.0, 4951.0, 6573.0, 8500.0, 9308.0, 1925.0, 2137.0, 11177.666666666666]}