{"0": [961395.5, 960925.5, 960742.5, 939543.5, 938233.5, 926317.5], "1": [755822.5, 755873.5, 753921.5, 753007.5, 753007.5, 743378.5], "2": [1406768.5, 1396700.5, 1397990.5, 1403599.5, 1405603.5, 1416499.5], "3": [80237.0, 80237.0, 80237.0, 80237.0, 80237.0, 80237.0], "4": [2016650.8333333335, 2020094.8333333335, 2036860.8333333335, 2062004.8333333335, 2081452.8333333333, 2117181.833333333], "5": [73701.0, 73701.0, 73281.0, 73281.0, 73281.0, 72746.0], "6": [957408.0, 956914.0, 954783.0, 953643.0, 949195.0, 946435.0], "7": [778033.5, 778033.5, 778033.5, 778033.5, 778017.5, 777337.5], "8": [1263457.0, 1262487.0, 1260763.0, 1258681.0, 1255919.0, 1254584.0], "9": [689040.1666666667, 688579.1666666667, 688579.1666666667, 687689.1666666667, 654579.1666666667, 623357.1666666667], "10": [1129229.5, 1126482.5, 1124147.5, 1122972.5, 1123219.5, 1122631.5], "11": [459473.0, 459947.0, 459947.0, 459947.0, 459482.0, 459482.0], "12": [46904.0, 46904.0, 46904.0, 46904.0, 46904.0, 46904.0], "13": [108946.5, 108946.5, 108946.5, 108946.5, 108295.5, 108295.5], "14": [479718.5, 477565.5, 477565.5, 476611.5, 476611.5, 476126.5], "15": [593328.0, 589693.0, 590076.0, 589294.0, 588924.0, 589401.0], "16": [429408.0, 429727.0, 429430.0, 428312.0, 427765.0, 419909.0], "17": [354155.5, 354155.5, 353681.5, 353681.5, 353681.5, 352116.5], "18": [389562.0, 389130.0, 389130.0, 388698.0, 388698.0, 387489.0], "19": [506474.0, 506474.0, 506771.0, 507363.0, 507299.0, 505579.0], "20": [677316.6666666666, 676502.6666666666, 676502.6666666666, 676502.6666666666, 676408.6666666666, 677536.6666666666], "21": [91323.0, 91323.0, 91323.0, 91323.0, 89061.0, 89061.0], "22": [217313.0, 217313.0, 217313.0, 217313.0, 217313.0, 216855.0], "23": [55710.5, 55710.5, 55710.5, 55710.5, 55710.5, 55710.5], "24": [311287.3333333333, 311287.3333333333, 310873.3333333333, 310873.3333333333, 304519.3333333333, 303164.3333333333], "25": [194070.0, 194070.0, 192894.0, 192894.0, 192894.0, 192894.0], "26": [331166.0, 330493.0, 330493.0, 312584.0, 312899.0, 310267.0], "27": [529452.0, 529179.0, 528631.0, 528100.0, 528662.0, 529826.0], "28": [214297.0, 213875.0, 213875.0, 213875.0, 213875.0, 213875.0], "29": [191780.5, 191780.5, 191780.5, 191372.5, 191372.5, 191372.5], "30": [227926.0, 227926.0, 227042.0, 226388.0, 226388.0, 226388.0], "31": [158438.0, 175165.0, 173730.0, 172866.0, 172842.0, 172411.0], "32": [91772.5, 91772.5, 91772.5, 91772.5, 91772.5, 91772.5], "33": [42002.0, 41252.0, 41599.0, 41599.0, 41946.0, 42293.0], "34": [253527.0, 252807.0, 252335.0, 252335.0, 252124.0, 252124.0], "35": [53475.0, 53475.0, 53475.0, 53475.0, 53475.0, 53475.0], "36": [171428.5, 171334.5, 166246.5, 166246.5, 165822.5, 165398.5], "37": [128634.0, 128634.0, 128634.0, 128634.0, 128634.0, 126754.0], "38": [15660.0, 15660.0, 15660.0, 15660.0, 18940.0, 18528.0], "39": [293367.0, 293367.0, 284570.0, 283823.0, 283823.0, 283140.0], "40": [636494.0, 634803.0, 633239.0, 632343.0, 632343.0, 632013.0], "41": [447283.5, 446353.5, 446353.5, 444885.5, 444885.5, 444885.5], "42": [123367.0, 122905.0, 118666.0, 118666.0, 118666.0, 118666.0], "43": [406481.5, 406019.5, 402869.5, 402869.5, 401989.5, 401989.5], "44": [576523.5, 576281.5, 576281.5, 577110.5, 576796.5, 572629.5], "45": [49506.5, 49506.5, 49506.5, 49506.5, 49506.5, 49506.5], "46": [32627.0, 32627.0, 32627.0, 32627.0, 32627.0, 32627.0], "47": [22987.5, 22594.5, 22201.5, 21921.5, 21592.5, 21592.5], "48": [160970.5, 160293.5, 160293.5, 159401.5, 159401.5, 159401.5], "49": [84693.0, 84693.0, 84693.0, 84693.0, 84693.0, 78611.0], "50": [237710.0, 237710.0, 237710.0, 236922.0, 236542.0, 236542.0], "51": [148204.5, 148204.5, 148204.5, 148204.5, 148204.5, 148204.5], "52": [83050.0, 83050.0, 83050.0, 83050.0, 83050.0, 83050.0], "53": [131053.0, 131053.0, 131053.0, 131053.0, 131053.0, 129448.0], "54": [5109.0, 5109.0, 5109.0, 5109.0, 5109.0, 5109.0], "55": [112948.5, 112551.5, 112551.5, 112551.5, 112551.5, 112551.5], "56": [89328.5, 89328.5, 89914.5, 90500.5, 90500.5, 90793.5], "57": [109390.0, 108932.0, 108932.0, 108932.0, 108932.0, 108479.0], "58": [83605.0, 84370.0, 83967.0, 83967.0, 83967.0, 83967.0], "59": [39402.0, 39402.0, 39402.0, 39402.0, 39402.0, 39402.0], "60": [118038.0, 118038.0, 118038.0, 118038.0, 117554.0, 117070.0], "61": [168169.5, 168169.5, 168169.5, 168169.5, 168169.5, 156025.5], "62": [80221.0, 80221.0, 80221.0, 80221.0, 80221.0, 80221.0], "63": [120803.0, 120803.0, 120803.0, 117003.0, 116528.0, 116528.0], "64": [62729.0, 63270.0, 63270.0, 60294.0, 60294.0, 60294.0], "65": [58567.0, 58567.0, 58298.0, 58298.0, 58298.0, 57768.0], "66": [249081.5, 249081.5, 249081.5, 249081.5, 249081.5, 249081.5], "67": [127025.0, 127025.0, 127025.0, 127025.0, 127025.0, 127025.0], "68": [59055.0, 59055.0, 58646.0, 58646.0, 58646.0, 58646.0], "69": [94351.5, 94158.5, 94158.5, 93421.5, 93421.5, 92929.5], "70": [23559.0, 23559.0, 23559.0, 23559.0, 23559.0, 22683.0], "71": [30641.0, 30641.0, 30641.0, 30641.0, 30641.0, 31193.0], "72": [23395.0, 23395.0, 23395.0, 23395.0, 23395.0, 23395.0], "73": [13374.0, 13374.0, 13374.0, 13374.0, 13374.0, 13374.0], "74": [0.0, 0.0, 0.0, 0.0, 0.0, 0.0], "75": [88150.0, 88150.0, 88150.0, 88150.0, 88150.0, 88150.0], "76": [62881.5, 62881.5, 62881.5, 62881.5, 62881.5, 62596.5], "77": [30494.0, 30494.0, 30494.0, 30795.0, 30795.0, 30795.0], "78": [146097.0, 145422.0, 145000.0, 138591.0, 138925.0, 138925.0], "79": [231440.5, 231440.5, 231440.5, 231440.5, 230967.5, 230494.5], "80": [147585.0, 147585.0, 147142.0, 147142.0, 147142.0, 147142.0], "81": [18280.0, 18280.0, 18280.0, 18280.0, 18280.0, 17889.0], "82": [6108.5, 6108.5, 6108.5, 6108.5, 6108.5, 6108.5], "83": [60417.0, 60417.0, 60417.0, 60417.0, 60417.0, 59309.0], "84": [208998.5, 208819.5, 208461.5, 208461.5, 208461.5, 208640.5], "85": [13798.0, 13610.0, 13610.0, 13610.0, 13610.0, 13610.0], "86": [141077.5, 140555.5, 140555.5, 137607.5, 136953.5, 136953.5], "87": [130845.0, 130753.0, 130753.0, 130409.0, 129909.0, 129909.0], "88": [10129.0, 10129.0, 10129.0, 10129.0, 10129.0, 10129.0], "89": [113591.0, 112157.0, 112157.0, 112157.0, 112157.0, 112157.0], "90": [80548.0, 80109.0, 80109.0, 80453.0, 79571.0, 79915.0], "91": [66219.0, 66219.0, 66219.0, 66219.0, 66219.0, 65828.0], "92": [10026.0, 10026.0, 10026.0, 10026.0, 10026.0, 10026.0], "93": [6464.0, 6464.0, 6464.0, 6464.0, 6464.0, 6464.0], "94": [18812.0, 18812.0, 20851.0, 20851.0, 20851.0, 20851.0], "95": [98057.0, 98057.0, 98057.0, 97677.0, 97677.0, 97677.0], "96": [36099.0, 36099.0, 36099.0, 36099.0, 36099.0, 35963.0], "97": [97626.5, 97151.5, 97151.5, 97151.5, 97151.5, 97151.5], "98": [99656.0, 99656.0, 99656.0, 99656.0, 98324.0, 97880.0], "99": [28346.0, 28346.0, 28346.0, 28346.0, 28346.0, 28738.0], "100": [33095.0, 33095.0, 33095.0, 33095.0, 33095.0, 33095.0], "101": [40207.0, 40207.0, 40207.0, 40207.0, 40207.0, 40207.0], "102": [71010.5, 71010.5, 71010.5, 71010.5, 71010.5, 71010.5], "103": [159938.0, 159259.0, 159259.0, 159259.0, 159259.0, 159259.0], "104": [24304.5, 24225.5, 24383.5, 24462.5, 24541.5, 24778.5], "105": [51859.0, 51859.0, 51859.0, 51859.0, 51859.0, 51859.0], "106": [6534.0, 6534.0, 6534.0, 6534.0, 6534.0, 6534.0], "107": [2429.0, 2429.0, 2429.0, 2429.0, 2429.0, 2429.0], "108": [11385.0, 11385.0, 11385.0, 11385.0, 11385.0, 11385.0], "109": [33493.0, 33761.0, 33761.0, 40518.0, 40786.0, 40786.0], "110": [22853.0, 22853.0, 22853.0, 22853.0, 22853.0, 22853.0], "111": [106090.5, 106090.5, 106090.5, 106090.5, 106090.5, 106090.5], "112": [620.0, 620.0, 620.0, 620.0, 620.0, 620.0], "113": [33980.0, 33980.0, 33980.0, 33980.0, 33980.0, 33980.0], "114": [117335.0, 117335.0, 117335.0, 116858.0, 116858.0, 117365.0], "115": [65359.5, 65359.5, 65359.5, 65359.5, 65359.5, 65721.5], "116": [7954.0, 7954.0, 7954.0, 7954.0, 7954.0, 7954.0], "117": [30414.5, 30414.5, 30414.5, 30414.5, 30414.5, 30414.5], "118": [6917.0, 6917.0, 6917.0, 6917.0, 6726.0, 6535.0], "119": [35181.0, 35181.0, 35181.0, 35181.0, 35181.0, 35181.0],