{"0": [961395.5, 961395.5, 960546.5, 960077.5, 958767.5, 958767.5], "1": [755822.5, 755395.5, 755395.5, 754952.5, 754952.5, 754952.5], "2": [1406768.5, 1407001.5, 1398744.5, 1392292.5, 1388447.5, 1385144.5], "3": [80237.0, 80237.0, 80237.0, 80237.0, 80237.0, 80237.0], "4": [2016650.8333333335, 2024621.8333333335, 2020731.8333333335, 2012398.3333333335, 2031780.3333333333, 2029092.3333333333], "5": [73701.0, 73701.0, 73701.0, 73701.0, 73701.0, 73701.0], "6": [957408.0, 955995.0, 955227.0, 954733.0, 953743.0, 952124.0], "7": [778033.5, 778033.5, 778033.5, 778033.5, 778033.5, 777339.5], "8": [1263457.0, 1256120.0, 1256120.0, 1256516.0, 1250729.0, 1250729.0], "9": [689040.1666666667, 689040.1666666667, 687987.1666666667, 687494.1666666667, 670736.1666666667, 670736.1666666667], "10": [1129229.5, 1127533.5, 1127533.5, 1127078.5, 1127429.5, 1127429.5], "11": [459473.0, 459018.0, 459018.0, 459018.0, 459018.0, 459018.0], "12": [46904.0, 46566.0, 46566.0, 46566.0, 46566.0, 46566.0], "13": [108946.5, 108946.5, 108946.5, 108946.5, 108252.0, 108252.0], "14": [479718.5, 479392.5, 478907.5, 478907.5, 478581.5, 485575.5], "15": [593328.0, 592813.0, 592813.0, 592813.0, 592706.0, 592706.0], "16": [429408.0, 429111.0, 429111.0, 428956.0, 428956.0, 428956.0], "17": [354155.5, 353670.5, 353540.5, 353540.5, 353540.5, 353540.5], "18": [389562.0, 389562.0, 389562.0, 389562.0, 389562.0, 389562.0], "19": [506474.0, 506018.0, 505588.0, 505293.0, 504933.0, 504933.0], "20": [677316.6666666666, 676864.6666666666, 676864.6666666666, 676170.6666666666, 676122.6666666666, 676122.6666666666], "21": [91323.0, 91323.0, 91323.0, 91323.0, 90928.0, 90928.0], "22": [217313.0, 217313.0, 217313.0, 216858.0, 216858.0, 216858.0], "23": [55710.5, 55710.5, 55710.5, 55710.5, 55710.5, 55710.5], "24": [311287.3333333333, 310435.3333333333, 310435.3333333333, 309976.3333333333, 309987.3333333333, 309987.3333333333], "25": [194070.0, 194070.0, 194070.0, 194070.0, 194070.0, 194070.0], "26": [331166.0, 331166.0, 330258.0, 330258.0, 330573.0, 330573.0], "27": [529452.0, 530324.0, 531185.0, 530626.0, 531469.0, 531469.0], "28": [214297.0, 214297.0, 214297.0, 213416.0, 213416.0, 213005.0], "29": [191780.5, 191780.5, 191780.5, 191780.5, 191780.5, 191780.5], "30": [227926.0, 227926.0, 227926.0, 227926.0, 227926.0, 227926.0], "31": [158438.0, 158438.0, 158438.0, 158438.0, 158438.0, 158438.0], "32": [91772.5, 91367.5, 91367.5, 91367.5, 91367.5, 91367.5], "33": [42002.0, 41252.0, 41252.0, 41252.0, 41599.0, 41599.0], "34": [253527.0, 253527.0, 252807.0, 252807.0, 252180.0, 251666.0], "35": [53475.0, 53475.0, 53475.0, 53475.0, 53475.0, 53475.0], "36": [171428.5, 171428.5, 171428.5, 171428.5, 171428.5, 171428.5], "37": [128634.0, 128193.0, 139717.0, 137519.0, 134818.0, 134348.0], "38": [15660.0, 15660.0, 15660.0, 15660.0, 15660.0, 15660.0], "39": [293367.0, 293367.0, 292684.0, 292221.0, 292221.0, 291713.0], "40": [636494.0, 636246.0, 636246.0, 640385.0, 640385.0, 640385.0], "41": [447283.5, 447283.5, 447283.5, 447183.5, 447183.5, 446735.5], "42": [123367.0, 123367.0, 123367.0, 123367.0, 123367.0, 123367.0], "43": [406481.5, 406481.5, 406481.5, 406019.5, 406019.5, 406019.5], "44": [576523.5, 575465.5, 575465.5, 575465.5, 574199.5, 574199.5], "45": [49506.5, 49506.5, 49506.5, 49506.5, 49506.5, 49506.5], "46": [32627.0, 32627.0, 32627.0, 32627.0, 32627.0, 32627.0], "47": [22987.5, 22987.5, 22987.5, 22987.5, 22658.5, 22658.5], "48": [160970.5, 160970.5, 160751.5, 159101.5, 159101.5, 158870.5], "49": [84693.0, 84693.0, 84693.0, 84693.0, 84693.0, 84693.0], "50": [237710.0, 237710.0, 237710.0, 237710.0, 237140.0, 237140.0], "51": [148204.5, 145394.5, 145394.5, 145394.5, 145394.5, 145394.5], "52": [83050.0, 83050.0, 83050.0, 83050.0, 83050.0, 83050.0], "53": [131053.0, 130538.0, 130538.0, 130538.0, 130538.0, 130538.0], "54": [5109.0, 5109.0, 5109.0, 5109.0, 5109.0, 5109.0], "55": [112948.5, 110884.5, 110884.5, 110666.5, 110666.5, 110666.5], "56": [89328.5, 89328.5, 89328.5, 88760.5, 88649.5, 88649.5], "57": [109390.0, 106018.0, 105189.0, 103968.0, 103968.0, 103968.0], "58": [83605.0, 83605.0, 83605.0, 83605.0, 83605.0, 83605.0], "59": [39402.0, 39402.0, 39402.0, 39402.0, 39402.0, 39402.0], "60": [118038.0, 118038.0, 118038.0, 117632.0, 117148.0, 117148.0], "61": [168169.5, 168169.5, 169795.5, 169125.5, 169125.5, 168679.5], "62": [80221.0, 80221.0, 80221.0, 80221.0, 80221.0, 80221.0], "63": [120803.0, 120803.0, 120803.0, 120328.0, 120328.0, 120328.0], "64": [62729.0, 62729.0, 62729.0, 62729.0, 62729.0, 62729.0], "65": [58567.0, 58567.0, 58567.0, 58567.0, 58302.0, 58302.0], "66": [249081.5, 249081.5, 249081.5, 249081.5, 249081.5, 249081.5], "67": [127025.0, 127025.0, 127025.0, 127025.0, 127025.0, 127025.0], "68": [59055.0, 59055.0, 59055.0, 59055.0, 59055.0, 59055.0], "69": [94351.5, 93892.5, 93892.5, 93892.5, 93699.5, 93699.5], "70": [23559.0, 23100.0, 23100.0, 23100.0, 23100.0, 23100.0], "71": [30641.0, 30641.0, 30641.0, 30641.0, 30917.0, 30917.0], "72": [23395.0, 23395.0, 23395.0, 23395.0, 23395.0, 23395.0], "73": [13374.0, 13374.0, 13374.0, 13374.0, 13374.0, 13374.0], "74": [0.0, 0.0, 0.0, 0.0, 0.0, 0.0], "75": [88150.0, 88150.0, 88150.0, 87735.0, 87735.0, 87735.0], "76": [62881.5, 62881.5, 62881.5, 62881.5, 62881.5, 63394.5], "77": [30494.0, 29692.0, 29692.0, 29692.0, 29692.0, 29692.0], "78": [146097.0, 145657.0, 145657.0, 159130.0, 157810.0, 157433.0], "79": [231440.5, 231440.5, 231440.5, 231440.5, 230967.5, 230967.5], "80": [147585.0, 147585.0, 147585.0, 147108.0, 147108.0, 147108.0], "81": [18280.0, 18280.0, 18280.0, 18280.0, 18280.0, 18280.0], "82": [6108.5, 6108.5, 6108.5, 6108.5, 8642.5, 7666.5], "83": [60417.0, 60417.0, 60417.0, 60417.0, 60417.0, 60417.0], "84": [208998.5, 209177.5, 209177.5, 209177.5, 209177.5, 209177.5], "85": [13798.0, 13798.0, 13798.0, 13798.0, 13798.0, 13798.0], "86": [141077.5, 140610.5, 140610.5, 140610.5, 140610.5, 140610.5], "87": [130845.0, 130845.0, 130845.0, 130845.0, 130845.0, 130845.0], "88": [10129.0, 10129.0, 10129.0, 10129.0, 10129.0, 10129.0], "89": [113591.0, 112794.0, 112794.0, 112794.0, 112433.0, 111991.0], "90": [80548.0, 80548.0, 80548.0, 80548.0, 80892.0, 80892.0], "91": [66219.0, 66219.0, 66219.0, 66219.0, 63567.0, 63567.0], "92": [10026.0, 10026.0, 10026.0, 10026.0, 10026.0, 10026.0], "93": [6464.0, 6464.0, 6464.0, 6464.0, 6464.0, 6464.0], "94": [18812.0, 18812.0, 18812.0, 18812.0, 18812.0, 18812.0], "95": [98057.0, 98057.0, 98057.0, 98057.0, 98057.0, 98347.0], "96": [36099.0, 36099.0, 36099.0, 36099.0, 36099.0, 36099.0], "97": [97626.5, 97626.5, 97141.5, 97141.5, 97141.5, 97141.5], "98": [99656.0, 99656.0, 99656.0, 99656.0, 99212.0, 99212.0], "99": [28346.0, 28346.0, 28346.0, 28346.0, 28346.0, 28346.0], "100": [33095.0, 33095.0, 33095.0, 33095.0, 33095.0, 33095.0], "101": [40207.0, 40207.0, 41074.0, 41074.0, 41074.0, 41074.0], "102": [71010.5, 71010.5, 71010.5, 71010.5, 71010.5, 71010.5], "103": [159938.0, 159938.0, 159938.0, 159649.0, 159649.0, 159649.0], "104": [24304.5, 23863.5, 23863.5, 23863.5, 23942.5, 23942.5], "105": [51859.0, 51859.0, 51859.0, 51859.0, 51859.0, 51859.0], "106": [6534.0, 6534.0, 4566.0, 4566.0, 4566.0, 4566.0], "107": [2429.0, 2429.0, 2429.0, 2429.0, 2429.0, 2429.0], "108": [11385.0, 11385.0, 11385.0, 11385.0, 11385.0, 11385.0], "109": [33493.0, 33493.0, 33493.0, 33493.0, 33493.0, 33493.0], "110": [22853.0, 22853.0, 22853.0, 22853.0, 22853.0, 22853.0], "111": [106090.5, 106090.5, 106090.5, 106975.5, 106975.5, 106975.5], "112": [620.0, 620.0, 620.0, 620.0, 620.0, 620.0], "113": [33980.0, 33980.0, 33980.0, 33980.0, 33980.0, 33980.0], "114": [117335.0, 117335.0, 117335.0, 118614.5, 118614.5, 118614.5], "115": [65359.5, 65359.5, 65359.5, 65359.5, 65359.5, 65359.5], "116": [7954.0, 7954.0, 7954.0, 7954.0, 7954.0, 7954.0], "117": [30414.5, 35593.5, 34492.5, 34036.5, 34036.5, 34036.5], "118": [6917.0, 6917.0, 6917.0, 6917.0, 6726.0, 6726.0], "119": [35181.0, 35181.0, 35181.0, 35181.0, 35181.0, 35181.0],