{"0": [961395.5, 961212.5, 961212.5, 961212.5, 961212.5, 961029.5], "1": [755822.5, 754114.5, 754114.5, 750316.5, 750316.5, 748364.5], "2": [1406768.5, 1405348.5, 1404496.0, 1426205.0, 1423109.0, 1423468.0], "3": [80237.0, 80237.0, 80237.0, 79144.0, 79144.0, 79144.0], "4": [2016650.8333333335, 2017749.8333333335, 2007837.8333333335, 2049175.8333333335, 2046617.8333333335, 2061805.8333333335], "5": [73701.0, 73701.0, 73701.0, 73701.0, 73701.0, 73281.0], "6": [957408.0, 950703.0, 950319.0, 951384.0, 950911.0, 947921.0], "7": [778033.5, 777605.5, 777605.5, 778656.5, 778656.5, 778656.5], "8": [1263457.0, 1263457.0, 1263457.0, 1262717.0, 1262717.0, 1260993.0], "9": [689040.1666666667, 688162.1666666667, 688168.1666666667, 688606.1666666667, 688606.1666666667, 688145.1666666667], "10": [1129229.5, 1128271.5, 1130961.5, 1127628.5, 1126966.5, 1123574.5], "11": [459473.0, 459585.0, 459585.0, 457792.0, 457792.0, 457792.0], "12": [46904.0, 46904.0, 46904.0, 46904.0, 46904.0, 46904.0], "13": [108946.5, 108946.5, 108946.5, 108946.5, 108946.5, 108946.5], "14": [479718.5, 479718.5, 479718.5, 478786.5, 478345.5, 478345.5], "15": [593328.0, 592920.0, 592333.0, 590701.0, 590701.0, 591084.0], "16": [429408.0, 427465.0, 427026.0, 427897.0, 427897.0, 427600.0], "17": [354155.5, 353717.5, 356506.5, 356034.5, 356034.5, 355560.5], "18": [389562.0, 389562.0, 389562.0, 389562.0, 389562.0, 389562.0], "19": [506474.0, 506474.0, 506044.0, 500876.0, 500581.0, 500878.0], "20": [677316.6666666666, 676889.6666666666, 676195.6666666666, 674577.6666666666, 674577.6666666666, 674577.6666666666], "21": [91323.0, 90928.0, 90928.0, 90928.0, 90928.0, 90928.0], "22": [217313.0, 210448.0, 210448.0, 210186.0, 210186.0, 210186.0], "23": [55710.5, 55218.5, 55218.5, 55667.5, 55667.5, 55667.5], "24": [311287.3333333333, 311287.3333333333, 310828.3333333333, 307894.3333333333, 307894.3333333333, 307480.3333333333], "25": [194070.0, 193286.0, 187496.0, 187496.0, 187496.0, 186320.0], "26": [331166.0, 331166.0, 329987.0, 330407.0, 330407.0, 330407.0], "27": [529452.0, 529452.0, 529200.0, 526168.0, 526168.0, 525894.0], "28": [214297.0, 213871.0, 213460.0, 212608.0, 212608.0, 212608.0], "29": [191780.5, 191336.5, 191336.5, 191336.5, 191336.5, 191336.5], "30": [227926.0, 227667.0, 227667.0, 227667.0, 227667.0, 226783.0], "31": [158438.0, 158438.0, 158438.0, 158438.0, 158438.0, 158438.0], "32": [91772.5, 91772.5, 91772.5, 91772.5, 96136.5, 96136.5], "33": [42002.0, 41252.0, 41252.0, 41212.0, 41212.0, 41559.0], "34": [253527.0, 248535.0, 248535.0, 248957.0, 248443.0, 247971.0], "35": [53475.0, 53475.0, 53475.0, 53475.0, 53475.0, 53475.0], "36": [171428.5, 171428.5, 171428.5, 171428.5, 171428.5, 166290.5], "37": [128634.0, 128192.0, 128192.0, 126869.0, 126869.0, 126869.0], "38": [15660.0, 15660.0, 15660.0, 15660.0, 15660.0, 15660.0], "39": [293367.0, 293083.0, 292726.0, 292500.0, 292500.0, 283703.0], "40": [636494.0, 635610.0, 635610.0, 634934.0, 635364.0, 633409.0], "41": [447283.5, 447283.5, 447283.5, 447283.5, 447283.5, 447283.5], "42": [123367.0, 123367.0, 123367.0, 123367.0, 123367.0, 118657.0], "43": [406481.5, 406019.5, 406019.5, 405274.5, 405274.5, 402124.5], "44": [576523.5, 576523.5, 573991.5, 524560.5, 524203.5, 524203.5], "45": [49506.5, 49500.5, 49500.5, 47138.5, 47138.5, 47138.5], "46": [32627.0, 32627.0, 32627.0, 32627.0, 32627.0, 32627.0], "47": [22987.5, 22658.5, 22658.5, 22658.5, 22658.5, 22265.5], "48": [160970.5, 160970.5, 160970.5, 160970.5, 160970.5, 160970.5], "49": [84693.0, 84693.0, 84690.0, 84248.0, 84248.0, 84248.0], "50": [237710.0, 237710.0, 237710.0, 237710.0, 237710.0, 237710.0], "51": [148204.5, 147998.5, 147998.5, 148164.0, 148164.0, 148164.0], "52": [83050.0, 83050.0, 83050.0, 60978.0, 60978.0, 60978.0], "53": [131053.0, 131053.0, 131053.0, 130692.0, 130692.0, 130692.0], "54": [5109.0, 5109.0, 5109.0, 5109.0, 5109.0, 5109.0], "55": [112948.5, 112948.5, 112948.5, 112948.5, 113861.5, 113861.5], "56": [89328.5, 89328.5, 89126.5, 89419.5, 89419.5, 90005.5], "57": [109390.0, 108932.0, 108932.0, 95515.0, 95057.0, 95057.0], "58": [83605.0, 83605.0, 83605.0, 82813.0, 82813.0, 82813.0], "59": [39402.0, 39402.0, 39402.0, 39532.0, 39532.0, 39532.0], "60": [118038.0, 118038.0, 118038.0, 118038.0, 117632.0, 117632.0], "61": [168169.5, 168169.5, 168169.5, 168169.5, 168169.5, 168169.5], "62": [80221.0, 80221.0, 80221.0, 80221.0, 80221.0, 80221.0], "63": [120803.0, 120803.0, 120636.0, 120469.0, 120469.0, 120469.0], "64": [62729.0, 62729.0, 62729.0, 62729.0, 62729.0, 62729.0], "65": [58567.0, 58567.0, 58567.0, 58567.0, 58567.0, 58298.0], "66": [249081.5, 249081.5, 249081.5, 249081.5, 249081.5, 249081.5], "67": [127025.0, 127025.0, 127025.0, 127025.0, 127025.0, 127025.0], "68": [59055.0, 59055.0, 58753.0, 58753.0, 58753.0, 58344.0], "69": [94351.5, 94158.5, 94158.5, 94158.5, 94158.5, 94158.5], "70": [23559.0, 23559.0, 23559.0, 23559.0, 23559.0, 23559.0], "71": [30641.0, 30641.0, 30641.0, 30320.0, 30320.0, 30320.0], "72": [23395.0, 23395.0, 23395.0, 22863.0, 22863.0, 22863.0], "73": [13374.0, 13374.0, 13374.0, 13374.0, 13374.0, 13374.0], "74": [0.0, 0.0, 0.0, 0.0, 0.0, 0.0], "75": [88150.0, 88150.0, 88004.5, 88004.5, 88004.5, 88004.5], "76": [62881.5, 62881.5, 62881.5, 62881.5, 62881.5, 62881.5], "77": [30494.0, 30494.0, 30494.0, 30795.0, 30795.0, 30795.0], "78": [146097.0, 145088.0, 145088.0, 142490.0, 142490.0, 142068.0], "79": [231440.5, 248892.5, 249492.5, 251540.5, 251128.5, 251128.5], "80": [147585.0, 147585.0, 147585.0, 147585.0, 147194.0, 146751.0], "81": [18280.0, 18280.0, 18280.0, 17889.0, 17889.0, 17889.0], "82": [6108.5, 6108.5, 6108.5, 6108.5, 6108.5, 6108.5], "83": [60417.0, 60417.0, 60417.0, 60417.0, 60417.0, 60417.0], "84": [208998.5, 208998.5, 208998.5, 208640.5, 208640.5, 208461.5], "85": [13798.0, 13798.0, 13798.0, 13798.0, 13798.0, 13798.0], "86": [141077.5, 140555.5, 140555.5, 140555.5, 140555.5, 140555.5], "87": [130845.0, 130458.0, 130458.0, 130458.0, 130458.0, 130458.0], "88": [10129.0, 10129.0, 10129.0, 10129.0, 10129.0, 10129.0], "89": [113591.0, 112954.0, 112593.0, 112593.0, 111796.0, 111796.0], "90": [80548.0, 80548.0, 80548.0, 80892.0, 80892.0, 80892.0], "91": [66219.0, 66219.0, 66590.0, 65808.0, 65808.0, 65808.0], "92": [10026.0, 10026.0, 10026.0, 10026.0, 10026.0, 10026.0], "93": [6464.0, 6464.0, 6464.0, 6464.0, 6464.0, 6464.0], "94": [18812.0, 18812.0, 18812.0, 18812.0, 18812.0, 20851.0], "95": [98057.0, 98057.0, 98057.0, 97954.0, 97954.0, 97954.0], "96": [36099.0, 36099.0, 36099.0, 36487.0, 36487.0, 36487.0], "97": [97626.5, 97141.5, 97141.5, 97141.5, 97141.5, 97141.5], "98": [99656.0, 99656.0, 99656.0, 99656.0, 99656.0, 99656.0], "99": [28346.0, 28346.0, 28346.0, 27479.0, 27479.0, 27479.0], "100": [33095.0, 33095.0, 33095.0, 33095.0, 33095.0, 33095.0], "101": [40207.0, 40207.0, 40207.0, 40221.0, 40221.0, 40221.0], "102": [71010.5, 71010.5, 71010.5, 71010.5, 71010.5, 71010.5], "103": [159938.0, 159938.0, 159259.0, 159259.0, 159259.0, 159259.0], "104": [24304.5, 24383.5, 24383.5, 24620.5, 24620.5, 24778.5], "105": [51859.0, 53159.0, 52869.0, 52869.0, 52869.0, 52869.0], "106": [6534.0, 6534.0, 6534.0, 6534.0, 6534.0, 6534.0], "107": [2429.0, 2429.0, 2429.0, 2429.0, 2429.0, 2429.0], "108": [11385.0, 11385.0, 11385.0, 11385.0, 11385.0, 11385.0], "109": [33493.0, 33493.0, 33493.0, 33493.0, 33493.0, 33493.0], "110": [22853.0, 22641.0, 22641.0, 22641.0, 22641.0, 22641.0], "111": [106090.5, 106090.5, 106090.5, 106090.5, 106090.5, 106090.5], "112": [620.0, 620.0, 620.0, 620.0, 620.0, 620.0], "113": [33980.0, 33980.0, 33980.0, 33980.0, 33980.0, 33980.0], "114": [117335.0, 117335.0, 117335.0, 117842.0, 117842.0, 117842.0], "115": [65359.5, 65359.5, 65359.5, 64690.5, 64690.5, 64690.5], "116": [7954.0, 7954.0, 7954.0, 7954.0, 7954.0, 7954.0], "117": [30414.5, 30414.5, 30414.5, 29497.0, 29497.0, 29497.0], "118": [6917.0, 6917.0, 6917.0, 6917.0, 6917.0, 6917.0], "119": [35181.0, 34708.0, 34708.0, 34708.0, 34708.0, 34708.0],