{"0": [961395.5, 960929.5, 960355.5, 960355.5, 959465.5, 959465.5], "1": [755822.5, 755822.5, 754952.5, 754952.5, 754068.5, 754068.5], "2": [1406768.5, 1404832.5, 1403579.5, 1399141.5, 1397202.5, 1398448.5], "3": [80237.0, 80237.0, 80237.0, 80237.0, 79905.0, 79905.0], "4": [2016650.8333333335, 2000706.8333333335, 2000028.8333333335, 1992064.8333333335, 2008498.8333333335, 2011493.8333333335], "5": [73701.0, 73701.0, 73701.0, 73701.0, 73701.0, 73701.0], "6": [957408.0, 954519.0, 954519.0, 954053.0, 954053.0, 953304.0], "7": [778033.5, 778033.5, 778033.5, 778033.5, 777555.5, 777555.5], "8": [1263457.0, 1263016.0, 1263016.0, 1262582.0, 1255274.0, 1254840.0], "9": [689040.1666666667, 688608.1666666667, 688608.1666666667, 688135.1666666667, 687754.1666666667, 686570.1666666667], "10": [1129229.5, 1128271.5, 1128271.5, 1128271.5, 1127816.5, 1125020.5], "11": [459473.0, 459473.0, 459473.0, 459473.0, 457357.0, 456958.0], "12": [46904.0, 46904.0, 46904.0, 46904.0, 46904.0, 46904.0], "13": [108946.5, 108946.5, 108946.5, 117313.5, 116811.5, 116811.5], "14": [479718.5, 479718.5, 479718.5, 478800.5, 478800.5, 478800.5], "15": [593328.0, 592787.5, 592787.5, 592495.5, 592267.0, 591972.0], "16": [429408.0, 429408.0, 429408.0, 429408.0, 429111.0, 428371.0], "17": [354155.5, 355575.5, 355575.5, 355575.5, 354171.5, 354171.5], "18": [389562.0, 389562.0, 389562.0, 389562.0, 389562.0, 389562.0], "19": [506474.0, 505748.0, 501872.0, 501872.0, 501382.0, 501382.0], "20": [677316.6666666666, 677279.6666666666, 677279.6666666666, 677279.6666666666, 677279.6666666666, 676431.6666666666], "21": [91323.0, 91323.0, 91323.0, 91323.0, 91323.0, 91323.0], "22": [217313.0, 216870.0, 216870.0, 216870.0, 216870.0, 216870.0], "23": [55710.5, 55710.5, 55710.5, 56964.5, 56134.5, 56134.5], "24": [311287.3333333333, 311287.3333333333, 310838.3333333333, 310838.3333333333, 310838.3333333333, 309665.3333333333], "25": [194070.0, 194070.0, 194070.0, 194070.0, 194070.0, 194070.0], "26": [331166.0, 331026.0, 331026.0, 331026.0, 331341.0, 321189.0], "27": [529452.0, 529150.0, 529150.0, 529150.0, 529196.0, 528944.0], "28": [214297.0, 213464.0, 213464.0, 213464.0, 213046.0, 213046.0], "29": [191780.5, 191296.5, 191296.5, 191296.5, 191296.5, 191296.5], "30": [227926.0, 227926.0, 227926.0, 227926.0, 227926.0, 227180.0], "31": [158438.0, 158438.0, 158004.0, 157573.0, 157573.0, 157573.0], "32": [91772.5, 91772.5, 91772.5, 91772.5, 91772.5, 91772.5], "33": [42002.0, 42002.0, 42002.0, 41252.0, 41252.0, 41252.0], "34": [253527.0, 253084.0, 253084.0, 253084.0, 251322.5, 251322.5], "35": [53475.0, 53475.0, 53475.0, 53475.0, 53475.0, 53475.0], "36": [171428.5, 171428.5, 171428.5, 171428.5, 171428.5, 171428.5], "37": [128634.0, 128634.0, 128634.0, 128634.0, 128634.0, 128634.0], "38": [15660.0, 15660.0, 15660.0, 15660.0, 15660.0, 15660.0], "39": [293367.0, 293010.0, 293010.0, 292327.0, 292327.0, 292043.0], "40": [636494.0, 636494.0, 636494.0, 636494.0, 636052.0, 636052.0], "41": [447283.5, 449777.5, 449297.5, 449297.5, 448816.5, 448816.5], "42": [123367.0, 123367.0, 123367.0, 123367.0, 123367.0, 123367.0], "43": [406481.5, 406481.5, 406481.5, 406481.5, 406481.5, 406481.5], "44": [576523.5, 580526.5, 579017.5, 578977.5, 579334.5, 578953.5], "45": [49506.5, 49506.5, 49506.5, 49506.5, 49506.5, 49506.5], "46": [32627.0, 32627.0, 32627.0, 32627.0, 32627.0, 32627.0], "47": [22987.5, 22987.5, 22987.5, 22987.5, 22663.5, 22663.5], "48": [160970.5, 160524.5, 160524.5, 160524.5, 160524.5, 160524.5], "49": [84693.0, 84693.0, 84693.0, 84693.0, 84693.0, 89387.0], "50": [237710.0, 237710.0, 237710.0, 237710.0, 237014.0, 236620.0], "51": [148204.5, 148204.5, 148204.5, 148204.5, 148204.5, 148204.5], "52": [83050.0, 83050.0, 85638.0, 85638.0, 85638.0, 85323.0], "53": [131053.0, 131053.0, 131053.0, 131053.0, 130538.0, 130538.0], "54": [5109.0, 5109.0, 5109.0, 5109.0, 5109.0, 5109.0], "55": [112948.5, 112948.5, 112948.5, 112948.5, 112948.5, 112948.5], "56": [89328.5, 89328.5, 89328.5, 89328.5, 89328.5, 89328.5], "57": [109390.0, 109390.0, 109390.0, 109390.0, 109390.0, 108937.0], "58": [83605.0, 83605.0, 83605.0, 83605.0, 83605.0, 83605.0], "59": [39402.0, 39402.0, 39402.0, 39402.0, 39402.0, 39402.0], "60": [118038.0, 118038.0, 118038.0, 118038.0, 117580.0, 117580.0], "61": [168169.5, 168169.5, 167676.5, 167676.5, 167676.5, 167676.5], "62": [80221.0, 80221.0, 80221.0, 80221.0, 77531.5, 77531.5], "63": [120803.0, 120803.0, 120803.0, 120803.0, 120803.0, 120803.0], "64": [62729.0, 62729.0, 62729.0, 62729.0, 62729.0, 62729.0], "65": [58567.0, 58567.0, 58567.0, 58567.0, 58567.0, 58567.0], "66": [249081.5, 249081.5, 249081.5, 249081.5, 249081.5, 249081.5], "67": [127025.0, 126717.0, 126717.0, 126717.0, 126243.0, 126243.0], "68": [59055.0, 59055.0, 59055.0, 59055.0, 59055.0, 59055.0], "69": [94351.5, 94834.5, 94834.5, 94834.5, 94834.5, 94834.5], "70": [23559.0, 23559.0, 23559.0, 23559.0, 23559.0, 23559.0], "71": [30641.0, 45093.0, 45208.0, 44917.0, 44216.0, 43040.0], "72": [23395.0, 23395.0, 23395.0, 23395.0, 23395.0, 23395.0], "73": [13374.0, 13374.0, 13374.0, 13374.0, 13374.0, 13374.0], "74": [0.0, 0.0, 0.0, 0.0, 0.0, 0.0], "75": [88150.0, 88150.0, 88150.0, 88150.0, 88150.0, 88150.0], "76": [62881.5, 62881.5, 62881.5, 62881.5, 62881.5, 62881.5], "77": [30494.0, 30644.5, 30644.5, 30644.5, 30644.5, 30644.5], "78": [146097.0, 145720.0, 145720.0, 145720.0, 145720.0, 145720.0], "79": [231440.5, 231440.5, 231440.5, 231440.5, 231440.5, 231440.5], "80": [147585.0, 146717.0, 146276.0, 146276.0, 146276.0, 146276.0], "81": [18280.0, 18280.0, 18280.0, 18280.0, 18280.0, 18280.0], "82": [6108.5, 6108.5, 6108.5, 6108.5, 6108.5, 6108.5], "83": [60417.0, 60417.0, 60417.0, 60417.0, 60417.0, 60417.0], "84": [208998.5, 208998.5, 208998.5, 208998.5, 208998.5, 208998.5], "85": [13798.0, 13798.0, 13798.0, 13798.0, 12968.0, 12968.0], "86": [141077.5, 141077.5, 141077.5, 141077.5, 141077.5, 141077.5], "87": [130845.0, 132190.0, 132190.0, 132190.0, 130687.0, 130187.0], "88": [10129.0, 10129.0, 10129.0, 10129.0, 10129.0, 10129.0], "89": [113591.0, 112954.0, 112954.0, 112954.0, 112954.0, 112954.0], "90": [80548.0, 80107.0, 80107.0, 80107.0, 80107.0, 80107.0], "91": [66219.0, 66219.0, 66219.0, 66219.0, 66219.0, 66219.0], "92": [10026.0, 10026.0, 10026.0, 10026.0, 10026.0, 10026.0], "93": [6464.0, 6464.0, 6464.0, 6464.0, 6464.0, 6464.0], "94": [18812.0, 18812.0, 18812.0, 18812.0, 18812.0, 18812.0], "95": [98057.0, 98057.0, 98057.0, 98057.0, 98057.0, 98057.0], "96": [36099.0, 36099.0, 36099.0, 36235.0, 36235.0, 36235.0], "97": [97626.5, 97626.5, 97626.5, 97626.5, 97626.5, 97626.5], "98": [99656.0, 99656.0, 99656.0, 99656.0, 99656.0, 99656.0], "99": [28346.0, 28346.0, 27954.0, 27562.0, 27562.0, 27562.0], "100": [33095.0, 33095.0, 33095.0, 33485.0, 33485.0, 33485.0], "101": [40207.0, 40207.0, 40207.0, 40207.0, 40207.0, 40207.0], "102": [71010.5, 71010.5, 71010.5, 71010.5, 71010.5, 71010.5], "103": [159938.0, 159649.0, 159649.0, 159649.0, 156997.0, 156997.0], "104": [24304.5, 24304.5, 24304.5, 24304.5, 24304.5, 24304.5], "105": [51859.0, 51859.0, 51859.0, 51859.0, 51859.0, 51859.0], "106": [6534.0, 6534.0, 6534.0, 6534.0, 6534.0, 6534.0], "107": [2429.0, 2429.0, 2429.0, 2429.0, 2429.0, 2429.0], "108": [11385.0, 11385.0, 11385.0, 11385.0, 11385.0, 11177.0], "109": [33493.0, 33493.0, 33493.0, 33493.0, 33493.0, 33493.0], "110": [22853.0, 22853.0, 22853.0, 22853.0, 22853.0, 22853.0], "111": [106090.5, 106090.5, 106090.5, 106090.5, 106090.5, 106090.5], "112": [620.0, 620.0, 620.0, 620.0, 620.0, 620.0], "113": [33980.0, 33980.0, 33980.0, 33980.0, 36300.0, 36300.0], "114": [117335.0, 117335.0, 117335.0, 117335.0, 117335.0, 117335.0], "115": [65359.5, 65359.5, 65359.5, 65359.5, 65235.0, 65235.0], "116": [7954.0, 7954.0, 7954.0, 7954.0, 7954.0, 7954.0], "117": [30414.5, 30414.5, 30414.5, 30414.5, 30414.5, 30414.5], "118": [6917.0, 6917.0, 6917.0, 6917.0, 6917.0, 6917.0], "119": [35181.0, 35181.0, 35181.0, 35181.0, 35181.0, 35181.0],