{"0": [5508184.023809523, 5451178.023809524, 5411490.190476191, 5417777.023809524], "1": [1517557.333333333, 1516682.333333333, 1513806.333333333, 1491261.0], "2": [27652.380952380976, 27652.380952380976, 27485.714285714304, 27402.38095238096], "3": [35926.66666666667, 35926.66666666667, 35926.66666666667, 35926.66666666667], "4": [3301060.0833333335, 3273171.0833333335, 3271420.0833333335, 3263854.0833333335], "5": [567630.6428571428, 569131.6428571428, 567463.9761904762, 567380.6428571428], "6": [3802690.238095238, 3799355.9047619044, 3793100.9047619044, 3783844.9047619044], "7": [1193983.4404761905, 1192796.7738095238, 1184796.7738095238, 1182796.7738095238], "8": [399804.1666666666, 400471.1666666666, 395470.1666666666, 395470.1666666666], "9": [492568.9166666666, 489567.9166666666, 489567.9166666666, 487567.9166666666], "10": [861037.880952381, 922393.880952381, 930680.880952381, 935107.5476190476], "11": [1902961.8214285714, 1922561.8214285714, 1915310.8214285714, 1913910.8214285714], "12": [691236.2500000001, 691236.2500000001, 691236.2500000001, 691236.2500000001], "13": [2929275.75, 2923171.75, 2910840.75, 2904726.75], "14": [603540.8333333334, 602873.8333333334, 598370.8333333334, 597703.8333333334], "15": [1112652.4761904762, 1112652.4761904762, 1108464.9761904762, 1107464.9761904762], "16": [754771.380952381, 755189.0476190476, 753438.0476190476, 752020.0476190476], "17": [461909.04761904763, 461909.04761904763, 454909.04761904763, 452909.04761904763], "18": [97789.33333333334, 97789.33333333334, 97789.33333333334, 97789.33333333334], "19": [518880.75000000006, 516213.75000000006, 514879.75000000006, 515479.75000000006], "20": [139845.7619047619, 139512.42857142858, 134845.7619047619, 135179.09523809524], "21": [439176.5, 439176.5, 440180.5, 440681.5], "22": [209260.16666666666, 209260.16666666666, 209260.16666666666, 209260.16666666666], "23": [997010.8333333333, 995343.8333333333, 1075113.6666666665, 1075615.6666666665], "24": [486024.8333333334, 486024.8333333334, 486024.8333333334, 482409.8333333334], "25": [33368.0, 33368.0, 33368.0, 33368.0], "26": [1186619.2976190473, 1162852.2976190473, 1172197.6309523808, 1179115.2976190473], "27": [127773.0476190476, 126106.38095238095, 126106.38095238095, 126106.38095238095], "28": [108245.5, 108245.5, 108245.5, 108245.5], "29": [1606842.1666666665, 1608958.6666666665, 1600955.6666666665, 1597855.6666666665], "30": [832145.1666666667, 834395.1666666667, 834395.1666666667, 832728.5], "31": [12754.000000000002, 12754.000000000002, 12754.000000000002, 12754.000000000002], "32": [171531.83333333334, 171531.83333333334, 171531.83333333334, 170029.83333333334], "33": [142667.09523809524, 142667.09523809524, 142667.09523809524, 134663.09523809524], "34": [346739.3333333333, 346739.3333333333, 346739.3333333333, 347071.6666666666], "35": [180292.66666666666, 180292.66666666666, 180292.66666666666, 180292.66666666666], "36": [310719.5476190476, 310719.5476190476, 310719.5476190476, 310719.5476190476], "37": [177647.04761904763, 177647.04761904763, 177647.04761904763, 177647.04761904763], "38": [216716.66666666663, 217216.66666666663, 217216.66666666663, 217049.99999999994], "39": [23499.999999999985, 23499.999999999985, 23499.999999999985, 23499.999999999985], "40": [43715.333333333336, 43715.333333333336, 42840.333333333336, 20542.666666666668], "41": [6000.0, 6000.0, 6000.0, 6000.0], "42": [240378.16666666663, 240378.16666666663, 239711.5, 239711.5], "43": [80894.52380952382, 80894.52380952382, 80894.52380952382, 80894.52380952382], "44": [65005.0, 65005.0, 64005.0, 64005.0], "45": [836203.8333333334, 835270.8333333334, 833853.8333333334, 833853.8333333334], "46": [72893.66666666669, 70893.66666666669, 70893.66666666669, 70893.66666666669], "47": [2011.0, 2011.0, 2011.0, 2011.0], "48": [89312.66666666667, 88312.66666666667, 88312.66666666667, 88312.66666666667], "49": [1733.3333333333305, 1733.3333333333305, 1733.3333333333305, 1733.3333333333305], "50": [394700.5, 402490.5, 401465.5, 400883.5], "51": [169000.49999999997, 169500.99999999997, 169500.99999999997, 169000.49999999997], "52": [202698.6666666667, 202698.6666666667, 202698.6666666667, 202698.6666666667], "53": [38347.333333333336, 38347.333333333336, 38347.333333333336, 38347.333333333336], "54": [74515.0, 74515.0, 74515.0, 74515.00000000001], "55": [53755.166666666664, 53755.166666666664, 53755.16666666667, 53755.16666666667], "56": [314050.47619047627, 313550.47619047627, 312300.47619047627, 311800.47619047627], "57": [66517.00000000001, 66517.00000000001, 65517.000000000015, 65517.000000000015], "58": [233432.3333333333, 233432.3333333333, 233432.3333333333, 231765.3333333333], "59": [90917.5, 90917.5, 90917.5, 90917.5], "60": [244564.99999999997, 239994.99999999997, 236914.99999999997, 236914.99999999997], "61": [207403.5833333333, 209071.5833333333, 209071.5833333333, 209071.5833333333], "62": [169704.6666666667, 169704.6666666667, 169704.6666666667, 169704.6666666667], "63": [405102.6666666667, 405102.6666666667, 402185.99999999994, 437435.9999999999], "64": [63020.58333333333, 63020.58333333333, 63020.58333333333, 63020.58333333333], "65": [92352.66666666666, 89852.66666666666, 89852.66666666666, 90186.0], "66": [326335.3333333333, 326335.3333333333, 324834.3333333333, 322166.6666666667], "67": [164770.21428571426, 164770.21428571426, 167020.5476190476, 163270.54761904763], "68": [23841.833333333307, 23841.833333333307, 23841.833333333314, 23841.833333333314], "69": [253323.83333333334, 253323.83333333334, 253323.83333333334, 253323.83333333334], "70": [267098.8333333333, 267598.8333333333, 266098.8333333333, 263898.8333333333], "71": [36422.38095238096, 36422.38095238096, 36422.38095238096, 36422.38095238096], "72": [21679.16666666668, 21679.16666666668, 21679.16666666668, 21679.16666666668], "73": [181456.6666666667, 178788.0, 178788.0, 178788.0], "74": [110427.0, 110427.0, 110427.0, 110427.0], "75": [115939.21428571426, 115939.21428571426, 115939.21428571426, 113309.71428571426], "76": [300654.5, 300654.5, 300654.5, 300654.5], "77": [145274.83333333334, 145274.83333333334, 145274.83333333334, 145274.83333333334], "78": [6100.0, 6100.0, 6100.0, 6100.0], "79": [215092.8333333333, 215092.8333333333, 215092.8333333333, 215092.8333333333], "80": [155201.6666666667, 156035.1666666667, 156035.1666666667, 156035.1666666667], "81": [62900.0, 63066.66666666667, 63066.66666666667, 62900.0], "82": [146719.54761904766, 146719.54761904766, 146719.54761904766, 146719.54761904766], "83": [67003.0, 67003.0, 67003.0, 67003.0], "84": [175775.0, 175775.0, 175775.0, 175775.0], "85": [1000.0, 1000.0, 1000.0, 1000.0], "86": [287706.3333333334, 287206.3333333334, 287206.3333333334, 284371.3333333334], "87": [288820.3333333334, 288820.3333333334, 288820.3333333334, 288820.3333333334], "88": [117773.0, 116262.0, 116262.0, 116262.0], "89": [24068.66666666667, 24068.666666666657, 24068.666666666657, 22401.999999999996], "90": [131333.3333333333, 131333.3333333333, 130666.66666666666, 130666.66666666666], "91": [56820.99999999999, 56820.99999999999, 56820.99999999999, 56820.99999999999], "92": [45000.999999999985, 45000.999999999985, 45000.999999999985, 45000.999999999985], "93": [129831.16666666669, 129831.16666666669, 129831.16666666669, 129831.16666666669], "94": [97826.16666666666, 97826.16666666666, 97826.16666666666, 97826.16666666666], "95": [13669.66666666666, 13669.66666666666, 13669.66666666666, 13669.66666666666], "96": [89861.74999999997, 89861.74999999997, 89861.74999999997, 89861.74999999997], "97": [49833.33333333334, 49833.33333333333, 49833.33333333333, 49833.33333333333], "98": [180076.66666666666, 180076.66666666666, 180076.66666666666, 180076.66666666666], "99": [71423.0, 77420.0, 77420.0, 76420.0], "100": [285029.3333333334, 284029.3333333334, 284029.3333333334, 285029.3333333334], "101": [13398.33333333334, 13398.33333333334, 13398.33333333334, 13398.33333333334],