{"0": [5404671.357142858, 5328103.690476191, 5286963.357142857, 5276520.690476191], "1": [1526535.833333333, 1515729.833333333, 1514560.833333333, 1514976.833333333], "2": [27452.380952380954, 26652.38095238096, 26652.38095238096, 26652.38095238096], "3": [35926.66666666667, 35926.66666666667, 35926.66666666667, 35926.66666666667], "4": [3290955.0833333335, 3461178.5833333335, 3408631.25, 3378682.083333334], "5": [568931.642857143, 571465.6428571428, 570464.6428571428, 570464.6428571428], "6": [3927317.7380952374, 3868921.571428571, 3857818.571428571, 3850234.738095238], "7": [1193963.4404761905, 1194796.7738095238, 1194530.1071428573, 1193030.1071428573], "8": [399804.1666666666, 400804.1666666666, 397304.1666666666, 396804.1666666666], "9": [492568.9166666666, 496068.9166666666, 493568.9166666666, 492568.9166666666], "10": [861037.880952381, 869848.880952381, 866848.880952381, 863848.880952381], "11": [1944561.8214285714, 1933351.8214285714, 2023864.9880952379, 1982408.988095238], "12": [691236.2500000001, 698823.2500000001, 696489.2500000001, 694739.2500000001], "13": [2927380.75, 2908804.75, 2904118.75, 2987551.4166666665], "14": [612397.8333333334, 605043.8333333334, 605043.8333333334, 605043.8333333334], "15": [1108474.9761904762, 1106797.9761904762, 1108131.3095238095, 1110964.9761904762], "16": [754355.7142857143, 754104.7142857143, 753105.7142857143, 754604.7142857143], "17": [463909.04761904763, 461909.04761904763, 461909.04761904763, 463409.04761904763], "18": [97789.33333333334, 99289.33333333334, 98789.33333333334, 97789.33333333334], "19": [517213.75000000006, 513944.75000000006, 515545.75000000006, 516545.75000000006], "20": [139179.09523809524, 140179.09523809524, 139179.09523809524, 139179.09523809524], "21": [439176.5, 437426.5, 437426.5, 437426.5], "22": [209260.16666666666, 208260.16666666666, 208260.16666666666, 210751.16666666666], "23": [993770.3333333333, 992853.3333333333, 993603.3333333333, 995780.3333333333], "24": [485719.8333333334, 502675.8333333334, 493575.8333333334, 493075.8333333334], "25": [33368.0, 33368.0, 33368.0, 33368.0], "26": [1090735.2976190473, 1090735.2976190473, 1092235.2976190473, 1091735.2976190473], "27": [127773.0476190476, 127773.0476190476, 127773.0476190476, 127773.0476190476], "28": [108245.5, 109746.5, 109246.5, 109246.5], "29": [1603174.1666666665, 1602547.1666666665, 1599956.1666666665, 1602603.6666666665], "30": [832145.1666666667, 835646.1666666667, 835646.1666666667, 833146.1666666667], "31": [12754.000000000002, 12754.000000000002, 12754.000000000002, 12754.000000000002], "32": [173033.83333333334, 172032.83333333337, 172032.83333333337, 171531.83333333337], "33": [142667.09523809524, 143667.09523809524, 142667.09523809524, 142667.09523809524], "34": [345638.3333333333, 345738.3333333333, 345738.3333333333, 345738.3333333333], "35": [180292.66666666666, 180292.66666666666, 180292.66666666666, 180292.66666666666], "36": [310719.5476190476, 310719.5476190476, 310719.5476190476, 310719.5476190476], "37": [177647.04761904763, 177647.04761904763, 177647.04761904763, 177647.04761904763], "38": [216716.66666666663, 217716.66666666663, 216716.66666666663, 216716.66666666663], "39": [23499.999999999985, 23999.999999999985, 23999.999999999985, 23499.999999999985], "40": [42840.333333333336, 42840.333333333336, 42840.333333333336, 42840.333333333336], "41": [6000.0, 6000.0, 6000.0, 6000.0], "42": [242379.16666666663, 240878.66666666663, 240378.16666666663, 240378.16666666663], "43": [80894.52380952382, 80894.52380952382, 80894.52380952382, 80894.52380952382], "44": [65005.0, 66505.0, 66505.0, 66505.0], "45": [837472.8333333334, 838572.8333333334, 837570.8333333334, 837070.8333333334], "46": [72893.66666666669, 72893.66666666669, 72893.66666666669, 72893.66666666669], "47": [2011.0, 2011.0, 2011.0, 2011.0], "48": [88312.66666666667, 88312.66666666667, 88312.66666666667, 88312.66666666667], "49": [1733.3333333333271, 1733.3333333333271, 1733.3333333333271, 1733.3333333333271], "50": [407019.5, 403608.5, 398400.5, 389468.5], "51": [169000.49999999997, 170001.49999999997, 170001.49999999997, 170001.49999999997], "52": [202698.6666666667, 202698.6666666667, 202698.6666666667, 202698.6666666667], "53": [38347.333333333336, 38847.333333333336, 38347.333333333336, 38347.333333333336], "54": [74515.0, 74515.0, 74515.0, 74515.0], "55": [53755.166666666664, 53088.50000000001, 53088.50000000001, 53088.50000000001], "56": [314450.47619047627, 313800.47619047627, 313800.47619047627, 313800.47619047627], "57": [66517.00000000001, 66517.00000000001, 66517.00000000001, 66517.00000000001], "58": [233432.3333333333, 233432.3333333333, 233432.3333333333, 233432.3333333333], "59": [90917.5, 90917.5, 90917.5, 90917.5], "60": [239994.99999999997, 237404.99999999997, 237404.99999999997, 239504.99999999997], "61": [209071.5833333333, 209071.5833333333, 209071.5833333333, 209071.5833333333], "62": [169704.6666666667, 170704.6666666667, 169704.6666666667, 169704.6666666667], "63": [405102.6666666667, 405102.6666666667, 405102.6666666667, 405102.6666666667], "64": [63020.58333333333, 63020.58333333333, 63020.58333333333, 63020.58333333333], "65": [89352.66666666666, 89352.66666666666, 89352.66666666666, 89352.66666666666], "66": [326335.3333333333, 326836.3333333333, 326836.3333333333, 327921.0], "67": [164770.21428571426, 164770.21428571426, 166437.21428571426, 166437.21428571426], "68": [23841.833333333307, 23841.833333333307, 23841.833333333307, 23841.833333333307], "69": [251822.83333333334, 252323.83333333334, 252323.83333333334, 252323.83333333334], "70": [266098.8333333333, 266098.8333333333, 266098.8333333333, 266098.8333333333], "71": [36422.38095238096, 36422.38095238096, 36422.38095238096, 36422.38095238096], "72": [21679.16666666668, 21679.16666666668, 21679.16666666668, 21679.16666666668], "73": [178444.6666666667, 177944.6666666667, 177778.0, 178778.0], "74": [110427.0, 110427.0, 110427.0, 110427.0], "75": [112185.21428571426, 112185.21428571426, 112185.21428571426, 112185.21428571426], "76": [299554.5, 299554.5, 299554.5, 299654.5], "77": [145274.83333333334, 145173.83333333334, 145173.83333333334, 145274.83333333334], "78": [6100.0, 6100.0, 6100.0, 6100.0], "79": [216603.8333333333, 216102.8333333333, 216102.8333333333, 216102.8333333333], "80": [155201.6666666667, 154868.1666666667, 154868.1666666667, 156035.1666666667], "81": [62233.33333333333, 62233.33333333333, 62233.33333333333, 62233.33333333333], "82": [146719.54761904766, 146719.54761904766, 146719.54761904766, 146719.54761904766], "83": [67003.0, 67003.0, 67003.0, 67003.0], "84": [175775.0, 175565.0, 175565.0, 175565.0], "85": [1000.0, 1000.0, 1000.0, 1000.0], "86": [287373.3333333334, 286373.3333333334, 286373.3333333334, 286373.3333333334], "87": [289820.3333333334, 289404.6666666666, 289722.3333333334, 289220.3333333334], "88": [117773.0, 116262.0, 116262.0, 116262.0], "89": [24068.66666666667, 24068.66666666667, 24068.66666666667, 24068.66666666667], "90": [131333.3333333333, 131333.3333333333, 131333.3333333333, 131333.3333333333], "91": [56820.99999999999, 56820.99999999999, 56820.99999999999, 56820.99999999999], "92": [45000.999999999985, 45000.999999999985, 45000.999999999985, 45000.999999999985], "93": [129831.16666666669, 129831.16666666669, 129831.16666666669, 129831.16666666669], "94": [97826.16666666666, 97826.16666666666, 97826.16666666666, 97826.16666666666], "95": [13669.66666666666, 13669.66666666666, 13669.66666666666, 13669.66666666666], "96": [91862.74999999997, 91028.91666666666, 91028.91666666666, 90695.41666666663], "97": [49833.33333333334, 49833.33333333334, 50833.33333333334, 49833.33333333334], "98": [183076.66666666666, 181076.66666666666, 180576.66666666666, 180076.66666666666], "99": [79419.0, 80919.5, 79919.5, 79419.0], "100": [283029.3333333334, 282929.3333333334, 283029.3333333334, 282929.3333333334], "101": [13398.33333333334, 13398.33333333334, 13398.33333333334, 13398.33333333334],