{"0": [961395.5, 961395.5, 961395.5, 961212.5, 949336.5, 947970.5], "1": [755822.5, 754309.5, 754309.5, 754309.5, 753012.5, 752570.5], "2": [1406768.5, 1394834.5, 1392528.5, 1402762.5, 1403090.5, 1399355.5], "3": [80237.0, 80237.0, 80237.0, 80237.0, 80237.0, 80237.0], "4": [2016650.8333333335, 2027952.8333333335, 2025708.8333333335, 2015125.8333333335, 2023365.8333333335, 2052627.8333333335], "5": [73701.0, 73701.0, 73701.0, 72165.0, 71726.0, 71726.0], "6": [957408.0, 955721.0, 955248.0, 955248.0, 954067.0, 953194.0], "7": [778033.5, 778033.5, 778033.5, 778033.5, 778033.5, 777316.5], "8": [1263457.0, 1263457.0, 1263457.0, 1258644.0, 1258184.0, 1252234.0], "9": [689040.1666666667, 692293.1666666667, 692293.1666666667, 690503.1666666667, 689911.1666666667, 687097.1666666667], "10": [1129229.5, 1123793.5, 1123793.5, 1123793.5, 1122222.5, 1121451.5], "11": [459473.0, 459473.0, 459473.0, 459473.0, 459141.0, 458472.0], "12": [46904.0, 46904.0, 46904.0, 46904.0, 46904.0, 46904.0], "13": [108946.5, 109390.5, 109390.5, 109390.5, 109390.5, 109390.5], "14": [479718.5, 478756.5, 478315.5, 478315.5, 478315.5, 478529.5], "15": [593328.0, 593711.0, 593711.0, 593711.0, 593011.0, 590155.0], "16": [429408.0, 427574.0, 427574.0, 427264.0, 426979.0, 427067.0], "17": [354155.5, 353717.5, 353717.5, 353717.5, 353197.5, 353197.5], "18": [389562.0, 389562.0, 389562.0, 388626.0, 388626.0, 388626.0], "19": [506474.0, 501094.0, 500083.0, 500083.0, 500056.0, 500056.0], "20": [677316.6666666666, 676770.6666666666, 676770.6666666666, 676770.6666666666, 676363.6666666666, 674771.6666666666], "21": [91323.0, 90928.0, 90928.0, 90928.0, 90928.0, 90928.0], "22": [217313.0, 207205.0, 207205.0, 207205.0, 207205.0, 207205.0], "23": [55710.5, 55710.5, 55710.5, 55710.5, 55710.5, 55710.5], "24": [311287.3333333333, 310839.3333333333, 310839.3333333333, 310839.3333333333, 310839.3333333333, 309927.3333333333], "25": [194070.0, 189823.0, 189823.0, 189823.0, 189823.0, 189823.0], "26": [331166.0, 331481.0, 331481.0, 331481.0, 330001.0, 330631.0], "27": [529452.0, 529258.0, 529258.0, 529258.0, 529287.0, 529308.0], "28": [214297.0, 213853.0, 213853.0, 213853.0, 213431.0, 213431.0], "29": [191780.5, 191780.5, 191780.5, 191780.5, 191780.5, 191780.5], "30": [227926.0, 227926.0, 227926.0, 227591.0, 227602.0, 227602.0], "31": [158438.0, 158438.0, 158438.0, 158438.0, 158438.0, 158438.0], "32": [91772.5, 91772.5, 95617.5, 95142.5, 94737.5, 94737.5], "33": [42002.0, 41615.0, 41615.0, 41615.0, 40865.0, 40865.0], "34": [253527.0, 252391.0, 251877.0, 251877.0, 251877.0, 251877.0], "35": [53475.0, 52679.0, 52679.0, 52679.0, 52679.0, 52312.0], "36": [171428.5, 171428.5, 171428.5, 171428.5, 171428.5, 171428.5], "37": [128634.0, 128634.0, 128634.0, 128634.0, 128634.0, 128634.0], "38": [15660.0, 15660.0, 15660.0, 15660.0, 15660.0, 15660.0], "39": [293367.0, 293367.0, 293367.0, 292859.0, 291892.0, 291892.0], "40": [636494.0, 636647.0, 636309.0, 636309.0, 636309.0, 636309.0], "41": [447283.5, 447283.5, 447283.5, 446417.5, 446417.5, 446417.5], "42": [123367.0, 122947.0, 122947.0, 122947.0, 122947.0, 122947.0], "43": [406481.5, 406019.5, 406019.5, 406019.5, 405675.5, 403325.5], "44": [576523.5, 576179.5, 576179.5, 576179.5, 576179.5, 575525.5], "45": [49506.5, 49506.5, 49506.5, 49506.5, 49213.5, 48920.5], "46": [32627.0, 32627.0, 32627.0, 32627.0, 32627.0, 32627.0], "47": [22987.5, 22658.5, 22658.5, 22658.5, 22658.5, 22348.5], "48": [160970.5, 160739.5, 160739.5, 160301.5, 160301.5, 159317.5], "49": [84693.0, 84693.0, 84693.0, 84693.0, 84693.0, 84693.0], "50": [237710.0, 237710.0, 237710.0, 237710.0, 236962.0, 236962.0], "51": [148204.5, 148204.5, 148204.5, 148204.5, 148204.5, 148204.5], "52": [83050.0, 83762.0, 83762.0, 83762.0, 83050.0, 83050.0], "53": [131053.0, 131053.0, 131053.0, 131053.0, 131053.0, 131053.0], "54": [5109.0, 5109.0, 5109.0, 5109.0, 5109.0, 5109.0], "55": [112948.5, 112948.5, 114079.5, 114079.5, 113649.5, 113649.5], "56": [89328.5, 89419.5, 89419.5, 88909.5, 89202.5, 89495.5], "57": [109390.0, 108937.0, 108479.0, 108479.0, 108479.0, 108479.0], "58": [83605.0, 83605.0, 83605.0, 83605.0, 83350.0, 83350.0], "59": [39402.0, 39402.0, 39402.0, 39532.0, 39532.0, 39532.0], "60": [118038.0, 117632.0, 117632.0, 117632.0, 117632.0, 117632.0], "61": [168169.5, 168169.5, 168169.5, 168169.5, 168169.5, 168169.5], "62": [80221.0, 80221.0, 80221.0, 79901.0, 79901.0, 79901.0], "63": [120803.0, 121278.0, 121278.0, 121278.0, 120803.0, 120803.0], "64": [62729.0, 62516.0, 62516.0, 62145.0, 62145.0, 62145.0], "65": [58567.0, 58567.0, 58567.0, 58567.0, 58567.0, 58302.0], "66": [249081.5, 249081.5, 249081.5, 249081.5, 249081.5, 249081.5], "67": [127025.0, 127025.0, 127025.0, 127025.0, 127025.0, 127025.0], "68": [59055.0, 59055.0, 58753.0, 58753.0, 58753.0, 58753.0], "69": [94351.5, 94158.5, 94158.5, 94158.5, 93666.5, 93666.5], "70": [23559.0, 23559.0, 23559.0, 23559.0, 23559.0, 23559.0], "71": [30641.0, 30917.0, 30917.0, 30917.0, 30917.0, 30917.0], "72": [23395.0, 23395.0, 23395.0, 23395.0, 23395.0, 22750.0], "73": [13374.0, 13204.0, 13204.0, 13204.0, 13204.0, 13204.0], "74": [0.0, 0.0, 0.0, 0.0, 0.0, 0.0], "75": [88150.0, 88150.0, 88150.0, 88150.0, 88150.0, 88150.0], "76": [62881.5, 62881.5, 62881.5, 62881.5, 62881.5, 62881.5], "77": [30494.0, 30494.0, 30494.0, 30494.0, 30494.0, 30795.0], "78": [146097.0, 145422.0, 145422.0, 145088.0, 144655.0, 144222.0], "79": [231440.5, 231440.5, 231440.5, 231440.5, 231440.5, 231440.5], "80": [147585.0, 147585.0, 147194.0, 147194.0, 147194.0, 133585.0], "81": [18280.0, 17979.0, 17979.0, 17979.0, 17979.0, 17979.0], "82": [6108.5, 6108.5, 6108.5, 6108.5, 6108.5, 6108.5], "83": [60417.0, 60417.0, 60417.0, 60417.0, 59953.0, 59953.0], "84": [208998.5, 208998.5, 208998.5, 207705.5, 207705.5, 207705.5], "85": [13798.0, 13798.0, 13798.0, 13798.0, 13798.0, 13798.0], "86": [141077.5, 140555.5, 140555.5, 140088.5, 140088.5, 135673.5], "87": [130845.0, 130845.0, 130845.0, 130845.0, 130845.0, 130845.0], "88": [10129.0, 10129.0, 10129.0, 10129.0, 10129.0, 10129.0], "89": [113591.0, 113591.0, 112794.0, 112794.0, 112157.0, 112157.0], "90": [80548.0, 80520.0, 80520.0, 80176.0, 79737.0, 79737.0], "91": [66219.0, 65810.0, 65810.0, 65810.0, 65810.0, 65810.0], "92": [10026.0, 10026.0, 10026.0, 10026.0, 10026.0, 10026.0], "93": [6464.0, 6464.0, 6464.0, 6464.0, 6464.0, 6464.0], "94": [18812.0, 18812.0, 18812.0, 18812.0, 18812.0, 18812.0], "95": [98057.0, 98057.0, 98057.0, 98057.0, 97867.0, 97661.0], "96": [36099.0, 36099.0, 36099.0, 36099.0, 36099.0, 36099.0], "97": [97626.5, 97626.5, 97626.5, 97626.5, 97626.5, 97626.5], "98": [99656.0, 99603.0, 99603.0, 98196.0, 98196.0, 98196.0], "99": [28346.0, 28346.0, 28346.0, 28346.0, 28346.0, 28738.0], "100": [33095.0, 33095.0, 33095.0, 33095.0, 33095.0, 33095.0], "101": [40207.0, 40207.0, 40207.0, 40207.0, 40207.0, 40207.0], "102": [71010.5, 71214.5, 71214.5, 71214.5, 71214.5, 71214.5], "103": [159938.0, 159649.0, 159649.0, 159649.0, 158869.0, 158869.0], "104": [24304.5, 24304.5, 24304.5, 24304.5, 24383.5, 24541.5], "105": [51859.0, 51434.0, 51434.0, 51434.0, 51434.0, 51434.0], "106": [6534.0, 6534.0, 6534.0, 6534.0, 6534.0, 6534.0], "107": [2429.0, 2429.0, 2429.0, 4345.0, 4345.0, 4345.0], "108": [11385.0, 11385.0, 11385.0, 11385.0, 11385.0, 11385.0], "109": [33493.0, 33493.0, 33493.0, 33493.0, 33761.0, 33761.0], "110": [22853.0, 22853.0, 22853.0, 22853.0, 22853.0, 22853.0], "111": [106090.5, 106090.5, 106090.5, 106090.5, 106090.5, 106090.5], "112": [620.0, 620.0, 620.0, 620.0, 620.0, 620.0], "113": [33980.0, 33980.0, 33980.0, 33980.0, 33980.0, 33980.0], "114": [117335.0, 117335.0, 117335.0, 116924.0, 116924.0, 116924.0], "115": [65359.5, 65110.5, 65110.5, 65110.5, 65110.5, 65472.5], "116": [7954.0, 7954.0, 7954.0, 7954.0, 7954.0, 7954.0], "117": [30414.5, 30414.5, 30414.5, 30414.5, 30414.5, 30414.5], "118": [6917.0, 6439.0, 6439.0, 6439.0, 6439.0, 6439.0], "119": [35181.0, 35181.0, 35181.0, 35181.0, 35534.0, 35534.0],