{"0": [961395.5, 950368.5, 950368.5, 950368.5, 950185.5, 950002.5], "1": [755822.5, 754968.5, 754968.5, 754968.5, 754968.5, 754968.5], "2": [1406768.5, 1407096.5, 1395958.5, 1397213.5, 1406975.5, 1415193.5], "3": [80237.0, 80237.0, 80237.0, 80237.0, 80237.0, 80237.0], "4": [2016650.8333333335, 2022272.8333333335, 2043866.8333333335, 2070374.8333333335, 2057077.8333333335, 2039055.8333333335], "5": [73701.0, 73262.0, 73262.0, 73262.0, 71726.0, 71726.0], "6": [957408.0, 956227.0, 955814.0, 951989.0, 951989.0, 951061.0], "7": [778033.5, 778033.5, 776665.5, 776665.5, 776665.5, 776237.5], "8": [1263457.0, 1262997.0, 1256823.0, 1255917.0, 1251104.0, 1251104.0], "9": [689040.1666666667, 689040.1666666667, 688562.1666666667, 688323.1666666667, 687459.1666666667, 687459.1666666667], "10": [1129229.5, 1127658.5, 1125642.5, 1126140.5, 1126140.5, 1119177.5], "11": [459473.0, 459141.0, 459141.0, 458231.0, 458231.0, 458231.0], "12": [46904.0, 46904.0, 46904.0, 46904.0, 46904.0, 46904.0], "13": [108946.5, 108946.5, 108946.5, 108946.5, 108946.5, 108946.5], "14": [479718.5, 479718.5, 479231.5, 479220.5, 479220.5, 478346.5], "15": [593328.0, 592628.0, 592898.0, 592898.0, 592898.0, 592898.0], "16": [429408.0, 428383.0, 428108.0, 427709.0, 427399.0, 427116.0], "17": [354155.5, 353635.5, 353635.5, 353635.5, 353635.5, 353635.5], "18": [389562.0, 389562.0, 389562.0, 389331.0, 388395.0, 388024.0], "19": [506474.0, 506770.0, 506773.0, 484589.0, 484293.0, 483701.0], "20": [677316.6666666666, 676909.6666666666, 677209.6666666666, 676782.6666666666, 676782.6666666666, 676782.6666666666], "21": [91323.0, 91323.0, 90928.0, 90514.0, 90514.0, 90514.0], "22": [217313.0, 216858.0, 216858.0, 215286.0, 215286.0, 214928.0], "23": [55710.5, 55710.5, 55710.5, 55710.5, 55710.5, 55710.5], "24": [311287.3333333333, 311287.3333333333, 311287.3333333333, 311287.3333333333, 311287.3333333333, 311287.3333333333], "25": [194070.0, 194070.0, 191785.0, 191328.0, 191328.0, 191328.0], "26": [331166.0, 329686.0, 330001.0, 330631.0, 330631.0, 330631.0], "27": [529452.0, 529481.0, 530072.0, 530072.0, 530072.0, 527192.0], "28": [214297.0, 213875.0, 213875.0, 213875.0, 213875.0, 213875.0], "29": [191780.5, 191780.5, 191780.5, 191780.5, 191780.5, 190598.5], "30": [227926.0, 228516.0, 228516.0, 227998.0, 227663.0, 227216.0], "31": [158438.0, 158438.0, 158438.0, 158438.0, 158438.0, 158438.0], "32": [91772.5, 91772.5, 91772.5, 91772.5, 91297.5, 91297.5], "33": [42002.0, 41252.0, 41252.0, 40865.0, 40865.0, 40865.0], "34": [253527.0, 253527.0, 253527.0, 253527.0, 253527.0, 253111.0], "35": [53475.0, 53475.0, 53475.0, 53077.0, 53077.0, 53077.0], "36": [171428.5, 171428.5, 171428.5, 171428.5, 171428.5, 171052.5], "37": [128634.0, 128634.0, 128634.0, 128634.0, 128634.0, 128634.0], "38": [15660.0, 15660.0, 15660.0, 15660.0, 15660.0, 15660.0], "39": [293367.0, 292400.0, 292400.0, 292400.0, 291892.0, 290850.0], "40": [636494.0, 636494.0, 633806.0, 633130.0, 633130.0, 633130.0], "41": [447283.5, 447283.5, 446187.5, 439017.5, 438151.5, 437371.5], "42": [123367.0, 123367.0, 123367.0, 123367.0, 123367.0, 123367.0], "43": [406481.5, 406137.5, 406137.5, 406137.5, 406137.5, 406685.5], "44": [576523.5, 575465.5, 575822.5, 575822.5, 575822.5, 575156.5], "45": [49506.5, 49213.5, 49213.5, 48627.5, 48627.5, 48627.5], "46": [32627.0, 32627.0, 32627.0, 32627.0, 32627.0, 32627.0], "47": [22987.5, 22987.5, 22987.5, 22987.5, 22987.5, 22987.5], "48": [160970.5, 160970.5, 159595.5, 159595.5, 159157.5, 159157.5], "49": [84693.0, 84693.0, 84693.0, 84693.0, 84693.0, 84693.0], "50": [237710.0, 236962.0, 236962.0, 236962.0, 236962.0, 237300.0], "51": [148204.5, 148204.5, 148204.5, 147025.5, 147025.5, 147025.5], "52": [83050.0, 83050.0, 83050.0, 83050.0, 83050.0, 83050.0], "53": [131053.0, 131053.0, 131053.0, 131053.0, 131053.0, 131053.0], "54": [5109.0, 5109.0, 5109.0, 5109.0, 5109.0, 5109.0], "55": [112948.5, 112948.5, 112948.5, 112948.5, 112948.5, 112948.5], "56": [89328.5, 89621.5, 89499.5, 89792.5, 89282.5, 89282.5], "57": [109390.0, 108932.0, 108932.0, 108932.0, 108479.0, 108479.0], "58": [83605.0, 83350.0, 83350.0, 83350.0, 83350.0, 83350.0], "59": [39402.0, 39402.0, 39402.0, 39402.0, 39532.0, 39532.0], "60": [118038.0, 118038.0, 116343.0, 116343.0, 116343.0, 115888.0], "61": [168169.5, 168169.5, 168169.5, 168169.5, 168169.5, 168169.5], "62": [80221.0, 80221.0, 79742.0, 78784.0, 78464.0, 78464.0], "63": [120803.0, 120803.0, 120803.0, 120803.0, 120803.0, 120803.0], "64": [62729.0, 62729.0, 62358.0, 62145.0, 61774.0, 61774.0], "65": [58567.0, 58567.0, 58567.0, 58567.0, 58567.0, 58567.0], "66": [249081.5, 249081.5, 249081.5, 249081.5, 249081.5, 249081.5], "67": [127025.0, 127025.0, 127025.0, 127025.0, 127025.0, 126769.0], "68": [59055.0, 59055.0, 59055.0, 59055.0, 59055.0, 67598.0], "69": [94351.5, 93666.5, 93666.5, 93473.5, 93473.5, 93473.5], "70": [23559.0, 23559.0, 23559.0, 23559.0, 23559.0, 23559.0], "71": [30641.0, 30641.0, 30917.0, 30917.0, 30917.0, 30917.0], "72": [23395.0, 23395.0, 23395.0, 23395.0, 23395.0, 23395.0], "73": [13374.0, 13374.0, 13374.0, 13374.0, 13374.0, 13374.0], "74": [0.0, 0.0, 0.0, 0.0, 0.0, 0.0], "75": [88150.0, 88150.0, 88150.0, 88150.0, 88150.0, 88150.0], "76": [62881.5, 62881.5, 62881.5, 62433.5, 62433.5, 62433.5], "77": [30494.0, 30494.0, 30494.0, 30494.0, 30494.0, 30494.0], "78": [146097.0, 144989.0, 129871.0, 129438.0, 129104.0, 128770.0], "79": [231440.5, 231440.5, 231440.5, 231440.5, 231440.5, 231440.5], "80": [147585.0, 147585.0, 147585.0, 147585.0, 147585.0, 147585.0], "81": [18280.0, 18280.0, 17933.0, 17933.0, 17933.0, 17933.0], "82": [6108.5, 6108.5, 6108.5, 6108.5, 6108.5, 6108.5], "83": [60417.0, 59953.0, 59953.0, 59953.0, 59953.0, 59953.0], "84": [208998.5, 208998.5, 208998.5, 208998.5, 207705.5, 207168.5], "85": [13798.0, 13798.0, 13798.0, 13798.0, 13798.0, 13798.0], "86": [141077.5, 141077.5, 141077.5, 141077.5, 140610.5, 140088.5], "87": [130845.0, 130845.0, 130845.0, 130845.0, 130845.0, 130845.0], "88": [10129.0, 10129.0, 10129.0, 10129.0, 10129.0, 10129.0], "89": [113591.0, 112954.0, 112954.0, 112954.0, 112954.0, 112954.0], "90": [80548.0, 80109.0, 80109.0, 80041.0, 79697.0, 79697.0], "91": [66219.0, 66219.0, 66219.0, 66219.0, 66219.0, 65828.0], "92": [10026.0, 10026.0, 10026.0, 10026.0, 10026.0, 10026.0], "93": [6464.0, 6464.0, 6464.0, 6464.0, 6464.0, 6464.0], "94": [18812.0, 18812.0, 18812.0, 18812.0, 18812.0, 18032.0], "95": [98057.0, 97867.0, 97867.0, 97417.0, 97417.0, 97417.0], "96": [36099.0, 36099.0, 36099.0, 36487.0, 36487.0, 36487.0], "97": [97626.5, 97626.5, 97626.5, 97626.5, 97626.5, 97626.5], "98": [99656.0, 99656.0, 99656.0, 99656.0, 99084.0, 99084.0], "99": [28346.0, 28346.0, 28346.0, 28346.0, 28346.0, 28346.0], "100": [33095.0, 33095.0, 33095.0, 33095.0, 33095.0, 33095.0], "101": [40207.0, 40207.0, 40207.0, 40207.0, 40207.0, 40207.0], "102": [71010.5, 71010.5, 68508.5, 66223.5, 66223.5, 66223.5], "103": [159938.0, 159158.0, 159158.0, 158580.0, 158580.0, 158580.0], "104": [24304.5, 24383.5, 24462.5, 24620.5, 24620.5, 24620.5], "105": [51859.0, 51859.0, 51859.0, 51859.0, 51859.0, 51859.0], "106": [6534.0, 6534.0, 6534.0, 6534.0, 6534.0, 6534.0], "107": [2429.0, 2429.0, 2429.0, 2429.0, 4345.0, 4345.0], "108": [11385.0, 11385.0, 11385.0, 11385.0, 11385.0, 11385.0], "109": [33493.0, 33761.0, 33761.0, 33761.0, 33761.0, 33761.0], "110": [22853.0, 22853.0, 22853.0, 22853.0, 22853.0, 22853.0], "111": [106090.5, 106090.5, 106535.5, 106535.5, 106535.5, 106535.5], "112": [620.0, 620.0, 620.0, 310.0, 310.0, 310.0], "113": [33980.0, 33980.0, 33980.0, 33980.0, 33980.0, 33980.0], "114": [117335.0, 117335.0, 116858.0, 116858.0, 116447.0, 116447.0], "115": [65359.5, 65359.5, 65359.5, 65359.5, 65359.5, 65359.5], "116": [7954.0, 7954.0, 7954.0, 7954.0, 7954.0, 7954.0], "117": [30414.5, 30414.5, 30414.5, 28590.5, 28590.5, 28590.5], "118": [6917.0, 6917.0, 6917.0, 6917.0, 6917.0, 6917.0], "119": [35181.0, 35534.0, 35534.0, 35534.0, 35534.0, 35181.0],