{"0": [961395.5, 961395.5, 964517.5, 960773.5, 963988.5, 963491.5], "1": [755822.5, 754958.5, 751465.5, 751033.5, 751033.5, 751033.5], "2": [1406768.5, 1401628.5, 1390542.0, 1391455.0, 1384351.0, 1383814.0], "3": [80237.0, 80237.0, 80237.0, 80237.0, 80237.0, 84008.0], "4": [2016650.8333333335, 2019693.8333333335, 2017837.8333333335, 2031287.8333333335, 2034148.8333333335, 2033087.8333333335], "5": [73701.0, 73701.0, 73204.0, 73204.0, 73204.0, 73204.0], "6": [957408.0, 956738.0, 947506.0, 946666.0, 945477.0, 942178.0], "7": [778033.5, 777605.5, 776357.5, 774478.5, 772828.5, 772828.5], "8": [1263457.0, 1263016.0, 1263016.0, 1262134.0, 1262134.0, 1262134.0], "9": [689040.1666666667, 688617.1666666667, 688185.1666666667, 687723.1666666667, 687259.1666666667, 687259.1666666667], "10": [1129229.5, 1128463.5, 1128080.5, 1126620.0, 1128855.0, 1128855.0], "11": [459473.0, 460411.0, 458759.0, 458346.0, 458346.0, 458801.0], "12": [46904.0, 46904.0, 46904.0, 46904.0, 46830.0, 46830.0], "13": [108946.5, 108946.5, 108946.5, 108946.5, 108946.5, 108946.5], "14": [479718.5, 479718.5, 482497.5, 481525.5, 479189.5, 479189.5], "15": [593328.0, 593667.0, 592967.0, 588479.0, 588022.0, 588022.0], "16": [429408.0, 428530.0, 427505.0, 427022.0, 427022.0, 427022.0], "17": [354155.5, 354155.5, 353895.5, 353635.5, 353635.5, 353635.5], "18": [389562.0, 389562.0, 390955.0, 390246.0, 390246.0, 390246.0], "19": [506474.0, 506474.0, 506474.0, 506018.0, 506315.0, 506315.0], "20": [677316.6666666666, 672536.6666666666, 673957.6666666666, 663974.1666666666, 663974.1666666666, 663974.1666666666], "21": [91323.0, 91323.0, 91323.0, 91323.0, 91323.0, 91323.0], "22": [217313.0, 217313.0, 216858.0, 216502.0, 216502.0, 216502.0], "23": [55710.5, 55710.5, 55710.5, 55667.5, 55667.5, 55667.5], "24": [311287.3333333333, 311287.3333333333, 311287.3333333333, 311032.3333333333, 311032.3333333333, 311032.3333333333], "25": [194070.0, 194070.0, 193890.0, 193890.0, 192714.0, 192714.0], "26": [331166.0, 331166.0, 329690.0, 329264.0, 329203.0, 329203.0], "27": [529452.0, 529153.0, 528851.0, 528549.0, 528830.0, 528830.0], "28": [214297.0, 214297.0, 213460.0, 208348.0, 208348.0, 208348.0], "29": [191780.5, 191780.5, 191780.5, 191780.5, 192730.5, 192730.5], "30": [227926.0, 227926.0, 228693.0, 225298.0, 225633.0, 225633.0], "31": [158438.0, 158438.0, 158438.0, 158438.0, 158438.0, 158438.0], "32": [91772.5, 91772.5, 91772.5, 91772.5, 91357.5, 91357.5], "33": [42002.0, 41252.0, 41252.0, 41252.0, 41599.0, 41599.0], "34": [253527.0, 253527.0, 251877.0, 251877.0, 253361.0, 253361.0], "35": [53475.0, 53475.0, 53475.0, 53475.0, 53475.0, 53475.0], "36": [171428.5, 171428.5, 171428.5, 171428.5, 171428.5, 171428.5], "37": [128634.0, 128166.0, 127282.0, 127282.0, 127282.0, 127282.0], "38": [15660.0, 15660.0, 15660.0, 15660.0, 15660.0, 15660.0], "39": [293367.0, 293367.0, 293367.0, 292327.0, 278058.0, 278058.0], "40": [636494.0, 636494.0, 636494.0, 636494.0, 636494.0, 636494.0], "41": [447283.5, 447283.5, 447283.5, 445888.5, 445888.5, 445888.5], "42": [123367.0, 123367.0, 123367.0, 123367.0, 123367.0, 123367.0], "43": [406481.5, 406481.5, 406137.5, 405236.5, 405236.5, 405236.5], "44": [576523.5, 576523.5, 575703.5, 574477.5, 574235.5, 574235.5], "45": [49506.5, 49506.5, 49799.5, 60672.5, 59211.5, 59211.5], "46": [32627.0, 32627.0, 32627.0, 32627.0, 32627.0, 32627.0], "47": [22987.5, 22677.5, 22397.5, 22397.5, 22397.5, 22397.5], "48": [160970.5, 160970.5, 159369.5, 159369.5, 159150.5, 159150.5], "49": [84693.0, 84693.0, 84693.0, 84693.0, 84693.0, 84693.0], "50": [237710.0, 237710.0, 237710.0, 237710.0, 237710.0, 237710.0], "51": [148204.5, 148204.5, 146555.5, 146555.5, 146555.5, 145544.5], "52": [83050.0, 83050.0, 83050.0, 83050.0, 83050.0, 83050.0], "53": [131053.0, 131053.0, 131053.0, 131053.0, 131053.0, 131053.0], "54": [5109.0, 5109.0, 5109.0, 5109.0, 5109.0, 5109.0], "55": [112948.5, 112948.5, 112948.5, 112769.5, 112769.5, 112372.5], "56": [89328.5, 89328.5, 89328.5, 89621.5, 89621.5, 89621.5], "57": [109390.0, 108932.0, 108479.0, 108479.0, 108479.0, 108479.0], "58": [83605.0, 83605.0, 83605.0, 83605.0, 83605.0, 83605.0], "59": [39402.0, 39402.0, 39402.0, 39402.0, 39402.0, 39402.0], "60": [118038.0, 118038.0, 117632.0, 117632.0, 117632.0, 117632.0], "61": [168169.5, 168169.5, 168169.5, 168169.5, 168169.5, 168169.5], "62": [80221.0, 80221.0, 80221.0, 80221.0, 79381.0, 79381.0], "63": [120803.0, 120803.0, 121658.0, 120803.0, 120803.0, 120803.0], "64": [62729.0, 62729.0, 62729.0, 62729.0, 62729.0, 62729.0], "65": [58567.0, 58567.0, 58567.0, 58567.0, 58567.0, 58567.0], "66": [249081.5, 249081.5, 249081.5, 249081.5, 249081.5, 249081.5], "67": [127025.0, 127025.0, 127025.0, 127025.0, 127025.0, 127025.0], "68": [59055.0, 59055.0, 59055.0, 59055.0, 58753.0, 58753.0], "69": [94351.5, 94351.5, 94106.5, 94106.5, 93913.5, 93913.5], "70": [23559.0, 23559.0, 23559.0, 23559.0, 23559.0, 23559.0], "71": [30641.0, 30641.0, 30641.0, 30641.0, 30917.0, 30917.0], "72": [23395.0, 23395.0, 23395.0, 23395.0, 23395.0, 23395.0], "73": [13374.0, 13374.0, 13374.0, 13374.0, 13374.0, 13374.0], "74": [0.0, 0.0, 0.0, 0.0, 0.0, 0.0], "75": [88150.0, 88150.0, 88004.5, 88004.5, 88004.5, 88004.5], "76": [62881.5, 62881.5, 62881.5, 62881.5, 62881.5, 62881.5], "77": [30494.0, 30494.0, 30494.0, 30795.0, 30795.0, 30795.0], "78": [146097.0, 146097.0, 145422.0, 144989.0, 144989.0, 144989.0], "79": [231440.5, 231440.5, 231440.5, 232150.5, 231017.5, 231017.5], "80": [147585.0, 147137.0, 146660.0, 146221.0, 145830.0, 145830.0], "81": [18280.0, 18280.0, 18280.0, 18280.0, 18280.0, 18280.0], "82": [6108.5, 6108.5, 6108.5, 6108.5, 6108.5, 6108.5], "83": [60417.0, 60417.0, 60417.0, 60417.0, 60417.0, 60417.0], "84": [208998.5, 208998.5, 208819.5, 208640.5, 208640.5, 208640.5], "85": [13798.0, 13798.0, 13798.0, 13798.0, 13798.0, 13798.0], "86": [141077.5, 141077.5, 140569.5, 139410.5, 139078.5, 139078.5], "87": [130845.0, 130845.0, 130845.0, 130845.0, 130845.0, 130845.0], "88": [10129.0, 10129.0, 10129.0, 10129.0, 10129.0, 10129.0], "89": [113591.0, 112954.0, 112070.0, 111273.0, 111273.0, 111273.0], "90": [80548.0, 80548.0, 80109.0, 80109.0, 80109.0, 80109.0], "91": [66219.0, 66219.0, 66219.0, 66219.0, 66219.0, 66219.0], "92": [10026.0, 10026.0, 10026.0, 10026.0, 10026.0, 10026.0], "93": [6464.0, 6464.0, 6464.0, 6464.0, 6464.0, 6464.0], "94": [18812.0, 18812.0, 18812.0, 18812.0, 18812.0, 18812.0], "95": [98057.0, 98057.0, 115041.0, 112482.0, 109365.0, 109075.0], "96": [36099.0, 36099.0, 36099.0, 36099.0, 36099.0, 36099.0], "97": [97626.5, 97626.5, 97626.5, 97626.5, 97626.5, 97626.5], "98": [99656.0, 99656.0, 100047.0, 100047.0, 100047.0, 100047.0], "99": [28346.0, 28346.0, 28346.0, 28346.0, 28346.0, 28346.0], "100": [33095.0, 33095.0, 33095.0, 33095.0, 33095.0, 33095.0], "101": [40207.0, 40207.0, 40207.0, 40207.0, 40207.0, 40207.0], "102": [71010.5, 71010.5, 71010.5, 71010.5, 70614.5, 70614.5], "103": [159938.0, 159938.0, 159938.0, 159938.0, 159259.0, 159259.0], "104": [24304.5, 24383.5, 24383.5, 24383.5, 24383.5, 24304.5], "105": [51859.0, 51859.0, 51859.0, 51859.0, 51859.0, 51859.0], "106": [6534.0, 9944.0, 8982.0, 8596.0, 8596.0, 7438.0], "107": [2429.0, 2429.0, 2429.0, 2429.0, 2429.0, 2429.0], "108": [11385.0, 11385.0, 11385.0, 11385.0, 11385.0, 11385.0], "109": [33493.0, 33493.0, 33493.0, 33493.0, 33493.0, 33493.0], "110": [22853.0, 22853.0, 22853.0, 22853.0, 22853.0, 22853.0], "111": [106090.5, 106090.5, 106090.5, 106090.5, 106090.5, 106090.5], "112": [620.0, 620.0, 620.0, 620.0, 620.0, 620.0], "113": [33980.0, 33980.0, 33980.0, 33980.0, 33980.0, 33980.0], "114": [117335.0, 117335.0, 117335.0, 117335.0, 117335.0, 117335.0], "115": [65359.5, 65359.5, 65359.5, 65359.5, 65359.5, 65359.5], "116": [7954.0, 7954.0, 7954.0, 7954.0, 7954.0, 7954.0], "117": [30414.5, 30414.5, 30414.5, 30414.5, 30414.5, 30414.5], "118": [6917.0, 6917.0, 6917.0, 6917.0, 6917.0, 6917.0], "119": [35181.0, 35181.0, 35181.0, 35181.0, 35181.0, 35181.0],