{"0": [961395.5, 961015.5, 961015.5, 961015.5, 960570.5, 960204.5], "1": [755822.5, 752737.5, 752737.5, 752737.5, 752737.5, 752737.5], "2": [1406768.5, 1417853.5, 1411434.5, 1405800.0, 1394786.0, 1394327.0], "3": [80237.0, 80237.0, 80237.0, 80237.0, 79519.0, 79519.0], "4": [2016650.8333333335, 2073890.8333333335, 2096893.8333333335, 2091029.8333333335, 2100416.8333333335, 2095603.8333333335], "5": [73701.0, 73701.0, 73281.0, 73281.0, 73281.0, 73281.0], "6": [957408.0, 959943.0, 959449.0, 958130.0, 955322.0, 953536.0], "7": [778033.5, 770311.5, 770311.5, 770311.5, 769883.5, 769883.5], "8": [1263457.0, 1263893.0, 1259643.0, 1259643.0, 1258446.0, 1258446.0], "9": [689040.1666666667, 688083.1666666667, 688083.1666666667, 688083.1666666667, 687130.1666666667, 687130.1666666667], "10": [1129229.5, 1127960.5, 1126958.5, 1126958.5, 1126036.5, 1125462.5], "11": [459473.0, 459031.0, 459031.0, 459031.0, 459031.0, 459031.0], "12": [46904.0, 47155.0, 47155.0, 55912.0, 55912.0, 55236.0], "13": [108946.5, 108946.5, 108946.5, 108946.5, 108946.5, 108946.5], "14": [479718.5, 477766.5, 477766.5, 477766.5, 474850.5, 474850.5], "15": [593328.0, 591621.0, 591853.0, 591853.0, 591853.0, 591853.0], "16": [429408.0, 428889.0, 428326.0, 428326.0, 428029.0, 428029.0], "17": [354155.5, 354155.5, 354155.5, 354155.5, 353742.5, 353742.5], "18": [389562.0, 388110.0, 388110.0, 388110.0, 388110.0, 388110.0], "19": [506474.0, 505004.0, 504962.0, 504962.0, 504962.0, 504962.0], "20": [677316.6666666666, 677222.6666666666, 676876.6666666666, 676424.6666666666, 676424.6666666666, 676424.6666666666], "21": [91323.0, 91323.0, 91323.0, 91323.0, 91323.0, 91323.0], "22": [217313.0, 218029.0, 218029.0, 217143.0, 216871.0, 216416.0], "23": [55710.5, 55667.5, 55667.5, 55667.5, 55667.5, 55667.5], "24": [311287.3333333333, 311287.3333333333, 310831.3333333333, 310831.3333333333, 310831.3333333333, 310831.3333333333], "25": [194070.0, 194070.0, 194070.0, 194720.0, 194300.0, 194300.0], "26": [331166.0, 331796.0, 332006.0, 332006.0, 332006.0, 331630.0], "27": [529452.0, 530083.0, 528778.0, 528778.0, 528497.0, 528195.0], "28": [214297.0, 214297.0, 213875.0, 213875.0, 213875.0, 213875.0], "29": [191780.5, 191780.5, 191353.5, 191353.5, 191353.5, 191353.5], "30": [227926.0, 228185.0, 228185.0, 228185.0, 228185.0, 233884.0], "31": [158438.0, 158438.0, 158438.0, 158438.0, 158438.0, 158438.0], "32": [91772.5, 91310.5, 91310.5, 91310.5, 91310.5, 91310.5], "33": [42002.0, 42349.0, 42349.0, 42349.0, 42349.0, 42349.0], "34": [253527.0, 252152.0, 252152.0, 252152.0, 252152.0, 252152.0], "35": [53475.0, 53475.0, 53475.0, 53475.0, 53475.0, 53475.0], "36": [171428.5, 171428.5, 171428.5, 171428.5, 171325.5, 171325.5], "37": [128634.0, 128634.0, 128634.0, 128634.0, 128634.0, 128634.0], "38": [15660.0, 15660.0, 15660.0, 15660.0, 15660.0, 15660.0], "39": [293367.0, 294108.0, 293645.0, 293645.0, 293645.0, 293645.0], "40": [636494.0, 624442.0, 623230.0, 623230.0, 623230.0, 623230.0], "41": [447283.5, 416839.5, 416391.5, 415252.5, 415252.5, 414472.5], "42": [123367.0, 122947.0, 121961.0, 121110.0, 121110.0, 121110.0], "43": [406481.5, 406019.5, 406019.5, 406019.5, 406019.5, 405205.5], "44": [576523.5, 576961.5, 567322.5, 567322.5, 567282.5, 567040.5], "45": [49506.5, 49506.5, 49506.5, 49506.5, 49506.5, 49506.5], "46": [32627.0, 32627.0, 32627.0, 32627.0, 32627.0, 32627.0], "47": [22987.5, 22987.5, 22987.5, 22987.5, 25821.5, 25821.5], "48": [160970.5, 160970.5, 160970.5, 160970.5, 160970.5, 160751.5], "49": [84693.0, 84693.0, 84693.0, 84693.0, 84693.0, 84693.0], "50": [237710.0, 237372.0, 235980.0, 235980.0, 235980.0, 235980.0], "51": [148204.5, 147536.5, 147536.5, 150010.5, 150010.5, 149146.5], "52": [83050.0, 83050.0, 83050.0, 83050.0, 83050.0, 83050.0], "53": [131053.0, 131053.0, 131053.0, 131053.0, 130538.0, 130538.0], "54": [5109.0, 5109.0, 5109.0, 5109.0, 5109.0, 5109.0], "55": [112948.5, 112730.5, 112730.5, 112730.5, 112730.5, 112730.5], "56": [89328.5, 88780.5, 88845.5, 88845.5, 88845.5, 88845.5], "57": [109390.0, 109390.0, 109390.0, 108932.0, 108932.0, 108932.0], "58": [83605.0, 83306.0, 83306.0, 83306.0, 83306.0, 83306.0], "59": [39402.0, 39267.0, 39267.0, 39267.0, 39267.0, 39267.0], "60": [118038.0, 112760.0, 112760.0, 112760.0, 112760.0, 112760.0], "61": [168169.5, 167676.5, 167676.5, 167676.5, 167676.5, 167676.5], "62": [80221.0, 80221.0, 80221.0, 80221.0, 80221.0, 80221.0], "63": [120803.0, 114723.0, 114723.0, 114723.0, 114723.0, 114723.0], "64": [62729.0, 62729.0, 62729.0, 62729.0, 62729.0, 62729.0], "65": [58567.0, 58567.0, 58567.0, 58567.0, 58567.0, 58567.0], "66": [249081.5, 248634.5, 248634.5, 248634.5, 248634.5, 248634.5], "67": [127025.0, 126769.0, 126769.0, 126769.0, 126769.0, 126769.0], "68": [59055.0, 59055.0, 59055.0, 59055.0, 59055.0, 59055.0], "69": [94351.5, 94351.5, 94351.5, 94351.5, 94351.5, 94158.5], "70": [23559.0, 23559.0, 23559.0, 24027.0, 24027.0, 24027.0], "71": [30641.0, 29827.0, 29827.0, 29827.0, 29827.0, 29827.0], "72": [23395.0, 23395.0, 22750.0, 22750.0, 22750.0, 22750.0], "73": [13374.0, 13374.0, 13374.0, 13374.0, 13374.0, 13374.0], "74": [0.0, 0.0, 0.0, 0.0, 0.0, 0.0], "75": [88150.0, 88150.0, 84196.0, 84050.5, 84050.5, 84050.5], "76": [62881.5, 62881.5, 62881.5, 62881.5, 62881.5, 62881.5], "77": [30494.0, 30195.0, 30195.0, 30195.0, 30195.0, 30195.0], "78": [146097.0, 144902.0, 144902.0, 144902.0, 144902.0, 144902.0], "79": [231440.5, 231440.5, 231440.5, 231440.5, 231440.5, 231440.5], "80": [147585.0, 147585.0, 137241.0, 137241.0, 137241.0, 136810.0], "81": [18280.0, 18280.0, 18280.0, 18280.0, 18280.0, 18280.0], "82": [6108.5, 6108.5, 6108.5, 6108.5, 6108.5, 6108.5], "83": [60417.0, 59715.0, 59715.0, 59405.0, 59405.0, 59405.0], "84": [208998.5, 209177.5, 208327.5, 208327.5, 208327.5, 208327.5], "85": [13798.0, 13798.0, 13798.0, 13798.0, 13798.0, 13798.0], "86": [141077.5, 141514.5, 141514.5, 141514.5, 141514.5, 141514.5], "87": [130845.0, 130845.0, 127653.0, 127653.0, 127653.0, 127653.0], "88": [10129.0, 8241.0, 8241.0, 8241.0, 8241.0, 8241.0], "89": [113591.0, 112508.0, 112508.0, 111429.0, 111429.0, 111429.0], "90": [80548.0, 80480.0, 80480.0, 80480.0, 80480.0, 80480.0], "91": [66219.0, 63146.0, 63146.0, 63146.0, 63146.0, 63146.0], "92": [10026.0, 10026.0, 10026.0, 10026.0, 10026.0, 10026.0], "93": [6464.0, 6464.0, 6464.0, 6464.0, 6464.0, 6464.0], "94": [18812.0, 18812.0, 18812.0, 18812.0, 18812.0, 18812.0], "95": [98057.0, 98057.0, 98057.0, 98057.0, 98057.0, 98057.0], "96": [36099.0, 36487.0, 36189.0, 36189.0, 36189.0, 36189.0], "97": [97626.5, 97185.5, 97185.5, 97185.5, 97185.5, 97185.5], "98": [99656.0, 99277.0, 99277.0, 99277.0, 98833.0, 98833.0], "99": [28346.0, 28346.0, 28346.0, 28346.0, 28346.0, 28346.0], "100": [33095.0, 33095.0, 33095.0, 33095.0, 33095.0, 33095.0], "101": [40207.0, 40207.0, 40207.0, 40207.0, 40207.0, 40207.0], "102": [71010.5, 70806.5, 70806.5, 70806.5, 70806.5, 70806.5], "103": [159938.0, 152180.0, 152180.0, 151055.0, 151055.0, 151055.0], "104": [24304.5, 24462.5, 24541.5, 24541.5, 24699.5, 24699.5], "105": [51859.0, 51859.0, 51859.0, 51859.0, 51859.0, 51859.0], "106": [6534.0, 6534.0, 6534.0, 6534.0, 6534.0, 6534.0], "107": [2429.0, 2429.0, 2429.0, 2429.0, 2429.0, 2429.0], "108": [11385.0, 11385.0, 11385.0, 11385.0, 11385.0, 11385.0], "109": [33493.0, 33493.0, 33493.0, 33493.0, 33493.0, 33493.0], "110": [22853.0, 21923.0, 21923.0, 21923.0, 21923.0, 21923.0], "111": [106090.5, 76405.5, 75520.5, 75520.5, 75520.5, 75520.5], "112": [620.0, 620.0, 620.0, 620.0, 620.0, 620.0], "113": [33980.0, 33980.0, 33980.0, 33980.0, 33980.0, 33980.0], "114": [117335.0, 116884.0, 116884.0, 116884.0, 116884.0, 116884.0], "115": [65359.5, 65359.5, 65359.5, 65359.5, 65359.5, 65359.5], "116": [7954.0, 7471.0, 7184.0, 7184.0, 7184.0, 7184.0], "117": [30414.5, 30414.5, 30414.5, 30414.5, 30414.5, 30414.5], "118": [6917.0, 6917.0, 6585.0, 6585.0, 6585.0, 6585.0], "119": [35181.0, 35181.0, 34475.0, 34475.0, 34475.0, 34475.0],