{"0": [961395.5, 960059.5, 959590.5, 959590.5, 959407.5, 958009.5], "1": [755822.5, 752798.5, 753740.5, 752387.5, 752387.5, 749795.5], "2": [1406768.5, 1419272.5, 1413380.5, 1415185.0, 1424947.0, 1436514.0], "3": [80237.0, 80237.0, 80237.0, 80237.0, 80237.0, 80237.0], "4": [2016650.8333333335, 2041843.8333333335, 2037358.3333333335, 2077063.3333333335, 2065829.3333333335, 2092981.3333333335], "5": [73701.0, 73701.0, 73701.0, 73701.0, 72165.0, 72165.0], "6": [957408.0, 957486.0, 956795.0, 957031.0, 957031.0, 957761.0], "7": [778033.5, 755031.5, 755031.5, 755031.5, 755031.5, 752300.5], "8": [1263457.0, 1262623.0, 1261934.0, 1257650.0, 1252837.0, 1251073.0], "9": [689040.1666666667, 689017.1666666667, 689017.1666666667, 688585.1666666667, 687721.1666666667, 687721.1666666667], "10": [1129229.5, 1126168.0, 1125916.5, 1120001.5, 1120001.5, 1118086.5], "11": [459473.0, 458639.0, 475413.5, 468549.5, 468549.5, 468549.5], "12": [46904.0, 47155.0, 47155.0, 47155.0, 47155.0, 47406.0], "13": [108946.5, 108946.5, 108946.5, 108946.5, 108946.5, 108946.5], "14": [479718.5, 477473.5, 476670.5, 476344.5, 476344.5, 475867.5], "15": [593328.0, 593328.0, 592920.0, 592758.0, 592758.0, 592268.0], "16": [429408.0, 428286.0, 427885.0, 426005.0, 425695.0, 426333.0], "17": [354155.5, 352347.5, 352347.5, 350535.5, 350535.5, 338926.5], "18": [389562.0, 389562.0, 389562.0, 386114.0, 385178.0, 385178.0], "19": [506474.0, 506180.0, 506180.0, 506774.0, 506774.0, 506779.0], "20": [677316.6666666666, 676838.6666666666, 676431.6666666666, 676376.6666666666, 676376.6666666666, 643064.6666666666], "21": [91323.0, 91323.0, 91323.0, 91323.0, 91323.0, 91323.0], "22": [217313.0, 217313.0, 216957.0, 216047.0, 216047.0, 216062.0], "23": [55710.5, 55442.5, 55442.5, 55891.5, 55891.5, 55666.5], "24": [311287.3333333333, 311287.3333333333, 311287.3333333333, 311287.3333333333, 311287.3333333333, 311287.3333333333], "25": [194070.0, 194070.0, 194070.0, 194070.0, 194070.0, 194070.0], "26": [331166.0, 330760.0, 329850.0, 330165.0, 330165.0, 330410.0], "27": [529452.0, 530453.0, 530453.0, 531242.0, 530940.0, 528222.0], "28": [214297.0, 213886.0, 213886.0, 213886.0, 213886.0, 213886.0], "29": [191780.5, 170972.5, 170972.5, 170972.5, 170972.5, 170466.5], "30": [227926.0, 227743.0, 227743.0, 226585.0, 226250.0, 226250.0], "31": [158438.0, 158438.0, 158007.0, 158007.0, 158007.0, 158007.0], "32": [91772.5, 91772.5, 91772.5, 91772.5, 91297.5, 91297.5], "33": [42002.0, 42002.0, 32752.0, 33099.0, 33099.0, 33446.0], "34": [253527.0, 251367.0, 250647.0, 250647.0, 250647.0, 250647.0], "35": [53475.0, 53475.0, 53475.0, 53475.0, 53475.0, 53475.0], "36": [171428.5, 171428.5, 171428.5, 171428.5, 171428.5, 170946.5], "37": [128634.0, 128634.0, 128634.0, 122329.0, 122329.0, 122329.0], "38": [15660.0, 15660.0, 15660.0, 15660.0, 15660.0, 15660.0], "39": [293367.0, 293083.0, 293083.0, 292620.0, 292112.0, 292569.0], "40": [636494.0, 635168.0, 635168.0, 630356.0, 630356.0, 623906.0], "41": [447283.5, 446828.5, 446828.5, 446828.5, 445962.5, 445962.5], "42": [123367.0, 123367.0, 123367.0, 121210.0, 121210.0, 120388.0], "43": [406481.5, 401456.0, 401456.0, 401019.0, 401019.0, 397198.0], "44": [576523.5, 577237.5, 572921.5, 573635.5, 573635.5, 572815.5], "45": [49506.5, 49506.5, 49506.5, 49506.5, 49506.5, 48974.5], "46": [32627.0, 32249.0, 32249.0, 32249.0, 32249.0, 32249.0], "47": [22987.5, 22987.5, 22987.5, 22663.5, 22663.5, 22663.5], "48": [160970.5, 160524.5, 160293.5, 160293.5, 159855.5, 158957.5], "49": [84693.0, 84693.0, 84693.0, 84693.0, 84693.0, 84693.0], "50": [237710.0, 236696.0, 236696.0, 236696.0, 236696.0, 236696.0], "51": [148204.5, 148204.5, 148204.5, 148204.5, 148204.5, 148204.5], "52": [83050.0, 83050.0, 83050.0, 83050.0, 83050.0, 83050.0], "53": [131053.0, 131053.0, 131053.0, 130538.0, 130538.0, 129338.0], "54": [5109.0, 5109.0, 5109.0, 5109.0, 5109.0, 5109.0], "55": [112948.5, 112948.5, 112551.5, 112551.5, 112551.5, 112551.5], "56": [89328.5, 89686.5, 89686.5, 89469.5, 88959.5, 89252.5], "57": [109390.0, 109390.0, 108932.0, 108932.0, 108479.0, 108479.0], "58": [83605.0, 83605.0, 83605.0, 82673.0, 82673.0, 82673.0], "59": [39402.0, 39398.0, 39398.0, 39394.0, 39524.0, 39520.0], "60": [118038.0, 117632.0, 117174.0, 117174.0, 117174.0, 115956.0], "61": [168169.5, 168169.5, 168169.5, 168169.5, 168169.5, 168169.5], "62": [80221.0, 80221.0, 80221.0, 80221.0, 79901.0, 79901.0], "63": [120803.0, 120803.0, 120803.0, 120803.0, 120803.0, 120043.0], "64": [62729.0, 62268.0, 62268.0, 62268.0, 61897.0, 61897.0], "65": [58567.0, 58325.0, 58325.0, 58325.0, 58325.0, 58325.0], "66": [249081.5, 249081.5, 249081.5, 248756.5, 248756.5, 248756.5], "67": [127025.0, 126769.0, 126769.0, 108354.0, 108354.0, 108046.0], "68": [59055.0, 59055.0, 59055.0, 59055.0, 59055.0, 59055.0], "69": [94351.5, 94106.5, 94106.5, 94106.5, 94106.5, 94106.5], "70": [23559.0, 23559.0, 23559.0, 23559.0, 23559.0, 23559.0], "71": [30641.0, 30641.0, 30641.0, 30917.0, 30917.0, 30714.0], "72": [23395.0, 23395.0, 23395.0, 23395.0, 23395.0, 23395.0], "73": [13374.0, 13374.0, 13374.0, 13374.0, 13374.0, 13374.0], "74": [0.0, 0.0, 0.0, 0.0, 0.0, 0.0], "75": [88150.0, 87718.0, 87718.0, 87718.0, 87718.0, 87718.0], "76": [62881.5, 58696.5, 58696.5, 58696.5, 58696.5, 58696.5], "77": [30494.0, 30494.0, 30494.0, 29896.0, 29896.0, 29597.0], "78": [146097.0, 145161.0, 145161.0, 145161.0, 144827.0, 144458.0], "79": [231440.5, 231440.5, 231440.5, 230040.5, 230040.5, 230040.5], "80": [147585.0, 147585.0, 147585.0, 147585.0, 147585.0, 147585.0], "81": [18280.0, 18280.0, 18280.0, 17979.0, 17979.0, 17979.0], "82": [6108.5, 6108.5, 6108.5, 6108.5, 6108.5, 6108.5], "83": [60417.0, 60417.0, 60417.0, 60417.0, 60417.0, 60417.0], "84": [208998.5, 209177.5, 209177.5, 208526.5, 206802.5, 206444.5], "85": [13798.0, 13798.0, 13798.0, 13798.0, 13798.0, 13798.0], "86": [141077.5, 141077.5, 141077.5, 141077.5, 140610.5, 140610.5], "87": [130845.0, 130845.0, 130845.0, 130845.0, 130845.0, 130845.0], "88": [10129.0, 10129.0, 10129.0, 10129.0, 10129.0, 10129.0], "89": [113591.0, 113591.0, 112157.0, 112157.0, 112157.0, 112157.0], "90": [80548.0, 80548.0, 80548.0, 80892.0, 80548.0, 80892.0], "91": [66219.0, 66219.0, 66219.0, 66219.0, 66219.0, 66219.0], "92": [10026.0, 10026.0, 10026.0, 10026.0, 10026.0, 10026.0], "93": [6464.0, 6464.0, 6464.0, 6464.0, 6464.0, 6464.0], "94": [18812.0, 18812.0, 18812.0, 18812.0, 18812.0, 18812.0], "95": [98057.0, 98057.0, 98057.0, 98057.0, 98057.0, 97851.0], "96": [36099.0, 36099.0, 36099.0, 36875.0, 36875.0, 33091.0], "97": [97626.5, 97626.5, 98075.5, 77948.0, 77948.0, 77948.0], "98": [99656.0, 99656.0, 99656.0, 95952.0, 94917.0, 94917.0], "99": [28346.0, 28738.0, 28738.0, 28803.0, 28803.0, 28868.0], "100": [33095.0, 33095.0, 33095.0, 33095.0, 33095.0, 33095.0], "101": [40207.0, 40207.0, 40207.0, 33802.0, 33374.0, 33374.0], "102": [71010.5, 70549.5, 70549.5, 70549.5, 70549.5, 70549.5], "103": [159938.0, 159938.0, 159938.0, 159938.0, 159938.0, 159938.0], "104": [24304.5, 24304.5, 24225.5, 24462.5, 24462.5, 24620.5], "105": [51859.0, 51859.0, 51859.0, 48185.5, 48185.5, 48185.5], "106": [6534.0, 6534.0, 6534.0, 6534.0, 6534.0, 6534.0], "107": [2429.0, 2429.0, 2429.0, 2429.0, 4345.0, 4345.0], "108": [11385.0, 11385.0, 11385.0, 11385.0, 11385.0, 11385.0], "109": [33493.0, 33493.0, 33493.0, 33493.0, 33493.0, 33493.0], "110": [22853.0, 22853.0, 22853.0, 22853.0, 22853.0, 22853.0], "111": [106090.5, 106090.5, 106090.5, 106090.5, 106090.5, 97735.5], "112": [620.0, 620.0, 620.0, 620.0, 620.0, 620.0], "113": [33980.0, 33980.0, 33980.0, 33980.0, 33980.0, 33980.0], "114": [117335.0, 117380.0, 117380.0, 116768.0, 116357.0, 116357.0], "115": [65359.5, 65359.5, 65359.5, 65359.5, 65359.5, 64925.5], "116": [7954.0, 7954.0, 7954.0, 7954.0, 7954.0, 9494.0], "117": [30414.5, 30414.5, 30414.5, 30414.5, 30414.5, 30414.5], "118": [6917.0, 6917.0, 6917.0, 6917.0, 6917.0, 6917.0], "119": [35181.0, 35181.0, 35181.0, 35181.0, 35181.0, 35181.0],