{"0": [961395.5, 959430.5, 959064.5, 959064.5, 959064.5, 958881.5], "1": [755822.5, 755395.5, 755395.5, 754541.5, 754541.5, 754541.5], "2": [1406768.5, 1412676.5, 1416860.5, 1416900.0, 1420185.0, 1421646.0], "3": [80237.0, 80237.0, 80237.0, 80237.0, 80237.0, 79870.0], "4": [2016650.8333333335, 2045506.8333333335, 2065463.8333333335, 2105931.8333333335, 2117967.8333333335, 2140140.3333333335], "5": [73701.0, 73701.0, 73407.0, 73407.0, 73407.0, 73407.0], "6": [957408.0, 947948.0, 943998.0, 944728.0, 944728.0, 944204.0], "7": [778033.5, 778033.5, 774716.5, 774716.5, 774716.5, 774694.5], "8": [1263457.0, 1260901.0, 1258041.0, 1251496.0, 1250678.0, 1249580.0], "9": [689040.1666666667, 688526.1666666667, 688526.1666666667, 688094.1666666667, 687655.1666666667, 687632.1666666667], "10": [1129229.5, 1127672.5, 1126728.5, 1121268.5, 1121268.5, 1121049.5], "11": [459473.0, 452281.0, 451070.0, 445480.0, 445480.0, 445480.0], "12": [46904.0, 46904.0, 46904.0, 46904.0, 46904.0, 46904.0], "13": [108946.5, 108946.5, 108946.5, 108946.5, 108946.5, 108946.5], "14": [479718.5, 479718.5, 477543.5, 477217.5, 477217.5, 477209.5], "15": [593328.0, 592744.0, 592653.0, 592491.0, 592830.0, 592668.0], "16": [429408.0, 428966.0, 428242.0, 426681.0, 426280.0, 426918.0], "17": [354155.5, 354155.5, 354155.5, 352343.5, 352343.5, 352343.5], "18": [389562.0, 389562.0, 389562.0, 386114.0, 386114.0, 386114.0], "19": [506474.0, 506504.0, 506810.0, 507404.0, 497702.0, 496389.0], "20": [677316.6666666666, 677316.6666666666, 677316.6666666666, 677261.6666666666, 677261.6666666666, 676315.6666666666], "21": [91323.0, 91323.0, 91323.0, 91323.0, 90909.0, 90909.0], "22": [217313.0, 217313.0, 217041.0, 216131.0, 216131.0, 216267.5], "23": [55710.5, 55710.5, 55218.5, 55667.5, 55667.5, 56116.5], "24": [311287.3333333333, 311287.3333333333, 291550.3333333333, 291550.3333333333, 291550.3333333333, 289066.3333333333], "25": [194070.0, 194070.0, 194070.0, 194070.0, 194070.0, 192110.0], "26": [331166.0, 331166.0, 327624.0, 327939.0, 328289.0, 328149.0], "27": [529452.0, 529452.0, 529251.0, 530040.0, 528120.0, 524010.0], "28": [214297.0, 214297.0, 214297.0, 214297.0, 213853.0, 213853.0], "29": [191780.5, 191780.5, 191780.5, 191780.5, 191780.5, 191780.5], "30": [227926.0, 227926.0, 226519.0, 225361.0, 225361.0, 224035.0], "31": [158438.0, 157500.0, 157500.0, 157069.0, 155764.0, 155329.0], "32": [91772.5, 89342.5, 89342.5, 89342.5, 89342.5, 89342.5], "33": [42002.0, 42002.0, 41752.0, 41099.0, 41099.0, 41446.0], "34": [253527.0, 253527.0, 253527.0, 252807.0, 251975.0, 251503.0], "35": [53475.0, 53475.0, 53475.0, 53475.0, 52007.0, 52007.0], "36": [171428.5, 171428.5, 171428.5, 171428.5, 171428.5, 171428.5], "37": [128634.0, 128634.0, 128143.0, 121838.0, 121838.0, 121838.0], "38": [15660.0, 15660.0, 15660.0, 15660.0, 15660.0, 15660.0], "39": [293367.0, 293367.0, 293367.0, 292904.0, 292324.0, 280744.0], "40": [636494.0, 635502.0, 635502.0, 630690.0, 630014.0, 616361.0], "41": [447283.5, 444703.5, 444703.5, 444703.5, 443743.5, 443743.5], "42": [123367.0, 123367.0, 123367.0, 121210.0, 121210.0, 119899.0], "43": [406481.5, 406481.5, 406041.5, 405604.5, 405167.5, 384864.5], "44": [576523.5, 577594.5, 573403.5, 574117.5, 573818.5, 572198.0], "45": [49506.5, 49506.5, 49506.5, 49506.5, 49207.5, 49207.5], "46": [32627.0, 32627.0, 32627.0, 32627.0, 32627.0, 32627.0], "47": [22987.5, 22987.5, 22987.5, 22663.5, 22663.5, 22663.5], "48": [160970.5, 160970.5, 160970.5, 160970.5, 160970.5, 160751.5], "49": [84693.0, 84693.0, 80238.0, 80238.0, 80238.0, 80238.0], "50": [237710.0, 237710.0, 237710.0, 237710.0, 236594.0, 236594.0], "51": [148204.5, 147811.5, 146515.5, 146515.5, 146515.5, 146515.5], "52": [83050.0, 83050.0, 83050.0, 83050.0, 83050.0, 83050.0], "53": [131053.0, 123277.0, 123277.0, 122276.0, 122276.0, 122276.0], "54": [5109.0, 5109.0, 5109.0, 5109.0, 5109.0, 5109.0], "55": [112948.5, 94197.5, 94197.5, 94197.5, 94197.5, 94197.5], "56": [89328.5, 89914.5, 89914.5, 89697.5, 89762.5, 90146.5], "57": [109390.0, 108932.0, 108474.0, 108474.0, 108474.0, 108474.0], "58": [83605.0, 83605.0, 82813.0, 81881.0, 78118.0, 77741.0], "59": [39402.0, 39402.0, 39402.0, 39398.0, 39197.0, 39197.0], "60": [118038.0, 117574.0, 117574.0, 117574.0, 117574.0, 117168.0], "61": [168169.5, 166705.5, 166195.5, 166195.5, 166195.5, 165685.5], "62": [80221.0, 80221.0, 79901.0, 79901.0, 79901.0, 79901.0], "63": [120803.0, 120803.0, 120803.0, 120803.0, 120803.0, 120636.0], "64": [62729.0, 62729.0, 62729.0, 62729.0, 62729.0, 62729.0], "65": [58567.0, 58567.0, 58567.0, 58567.0, 58567.0, 58567.0], "66": [249081.5, 249081.5, 250233.5, 249908.5, 249908.5, 249908.5], "67": [127025.0, 127025.0, 127025.0, 108136.0, 108136.0, 108136.0], "68": [59055.0, 59055.0, 59055.0, 59055.0, 54231.0, 53822.0], "69": [94351.5, 94351.5, 94351.5, 94351.5, 94158.5, 94158.5], "70": [23559.0, 23559.0, 23559.0, 23559.0, 23559.0, 23559.0], "71": [30641.0, 30641.0, 30641.0, 30917.0, 30917.0, 30902.0], "72": [23395.0, 23395.0, 23395.0, 23395.0, 23395.0, 23395.0], "73": [13374.0, 13374.0, 13374.0, 13374.0, 13374.0, 13374.0], "74": [0.0, 0.0, 0.0, 0.0, 0.0, 0.0], "75": [88150.0, 88150.0, 88150.0, 88150.0, 88150.0, 88150.0], "76": [62881.5, 62881.5, 62881.5, 62881.5, 62881.5, 62881.5], "77": [30494.0, 28489.0, 28790.0, 28192.0, 28192.0, 27594.0], "78": [146097.0, 146097.0, 145657.0, 145657.0, 145657.0, 145657.0], "79": [231440.5, 231440.5, 231440.5, 230040.5, 227135.5, 227135.5], "80": [147585.0, 147131.0, 146690.0, 146690.0, 146690.0, 145856.0], "81": [18280.0, 18280.0, 18280.0, 17979.0, 17601.0, 17601.0], "82": [6108.5, 6108.5, 6108.5, 6108.5, 6108.5, 6108.5], "83": [60417.0, 60417.0, 60417.0, 60417.0, 60417.0, 60417.0], "84": [208998.5, 208998.5, 208819.5, 208168.5, 207989.5, 207094.5], "85": [13798.0, 13798.0, 13798.0, 13798.0, 13798.0, 13798.0], "86": [141077.5, 141077.5, 141077.5, 141077.5, 129071.5, 128739.5], "87": [130845.0, 130845.0, 130845.0, 130845.0, 130845.0, 130845.0], "88": [10129.0, 10129.0, 10129.0, 10129.0, 10129.0, 10129.0], "89": [113591.0, 106418.0, 105781.0, 105781.0, 105781.0, 105781.0], "90": [80548.0, 80892.0, 80892.0, 81236.0, 81580.0, 81924.0], "91": [66219.0, 65904.0, 65904.0, 65904.0, 65904.0, 65904.0], "92": [10026.0, 10026.0, 10026.0, 10026.0, 10026.0, 10026.0], "93": [6464.0, 6464.0, 6464.0, 6464.0, 6464.0, 6464.0], "94": [18812.0, 18812.0, 18812.0, 18812.0, 18812.0, 18422.0], "95": [98057.0, 98057.0, 98057.0, 98057.0, 98057.0, 98057.0], "96": [36099.0, 35963.0, 35963.0, 36739.0, 36739.0, 36739.0], "97": [97626.5, 97626.5, 97626.5, 77489.0, 77489.0, 76563.0], "98": [99656.0, 99656.0, 99656.0, 95952.0, 95952.0, 95952.0], "99": [28346.0, 28738.0, 28738.0, 28803.0, 28803.0, 28803.0], "100": [33095.0, 33095.0, 33095.0, 33095.0, 33095.0, 33095.0], "101": [40207.0, 40207.0, 40207.0, 33802.0, 33802.0, 33802.0], "102": [71010.5, 71010.5, 71010.5, 71010.5, 71010.5, 71010.5], "103": [159938.0, 159938.0, 159938.0, 159938.0, 159548.0, 159548.0], "104": [24304.5, 23784.5, 23942.5, 24179.5, 24258.5, 24416.5], "105": [51859.0, 51859.0, 51859.0, 48185.5, 47909.5, 47909.5], "106": [6534.0, 6534.0, 6534.0, 6534.0, 6534.0, 6534.0], "107": [2429.0, 2429.0, 2429.0, 2429.0, 2429.0, 2429.0], "108": [11385.0, 11385.0, 14580.0, 14164.0, 14164.0, 13956.0], "109": [33493.0, 33493.0, 33493.0, 33493.0, 33493.0, 33493.0], "110": [22853.0, 22853.0, 22853.0, 22853.0, 22853.0, 22853.0], "111": [106090.5, 106090.5, 106090.5, 106090.5, 106090.5, 106090.5], "112": [620.0, 620.0, 620.0, 620.0, 620.0, 620.0], "113": [33980.0, 33980.0, 33980.0, 33980.0, 33980.0, 33980.0], "114": [117335.0, 117335.0, 117842.0, 117230.0, 117230.0, 117230.0], "115": [65359.5, 65359.5, 65136.5, 65136.5, 65136.5, 64702.5], "116": [7954.0, 7954.0, 7954.0, 7954.0, 7954.0, 7954.0], "117": [30414.5, 29556.5, 29556.5, 29556.5, 29556.5, 29556.5], "118": [6917.0, 6917.0, 6917.0, 6917.0, 6917.0, 6917.0], "119": [35181.0, 35181.0, 35181.0, 35181.0, 35181.0, 35181.0],