{"0": [961395.5, 955931.5, 955565.5, 954437.5, 950542.5, 941445.5], "1": [755822.5, 755822.5, 756321.5, 756321.5, 755889.5, 755418.5], "2": [1406768.5, 1407796.5, 1408538.5, 1400475.5, 1398269.5, 1403605.5], "3": [80237.0, 80237.0, 80237.0, 80237.0, 80237.0, 80237.0], "4": [2016650.8333333335, 2033196.8333333335, 2025738.8333333335, 2060036.8333333335, 2069234.8333333335, 2082605.8333333335], "5": [73701.0, 73701.0, 73701.0, 73701.0, 73701.0, 73113.0], "6": [957408.0, 957043.0, 957043.0, 957803.0, 955685.0, 953760.0], "7": [778033.5, 777316.5, 777316.5, 771155.5, 768459.0, 767263.5], "8": [1263457.0, 1263457.0, 1263457.0, 1256625.0, 1255743.0, 1254288.0], "9": [689040.1666666667, 672336.1666666667, 671443.1666666667, 671176.1666666667, 671175.1666666667, 669816.1666666667], "10": [1129229.5, 1128321.5, 1128321.5, 1123437.5, 1121977.0, 1120107.0], "11": [459473.0, 458804.0, 458391.0, 458391.0, 458391.0, 456996.0], "12": [46904.0, 46904.0, 46904.0, 46904.0, 46904.0, 46904.0], "13": [108946.5, 108946.5, 108946.5, 108946.5, 108946.5, 108946.5], "14": [479718.5, 480151.5, 479449.5, 478797.5, 478779.5, 478302.5], "15": [593328.0, 592481.0, 592481.0, 592052.0, 587564.0, 579847.0], "16": [429408.0, 428861.0, 428861.0, 428630.0, 427407.0, 425169.0], "17": [354155.5, 353895.5, 353895.5, 350171.5, 349911.5, 349391.5], "18": [389562.0, 389562.0, 389562.0, 389562.0, 389562.0, 389191.0], "19": [506474.0, 506770.0, 506031.0, 506285.0, 505829.0, 506431.0], "20": [677316.6666666666, 676918.6666666666, 676918.6666666666, 674788.6666666666, 667542.1666666666, 667542.1666666666], "21": [91323.0, 90138.0, 90138.0, 90138.0, 90138.0, 90138.0], "22": [217313.0, 217313.0, 217313.0, 217369.0, 216558.0, 216558.0], "23": [55710.5, 55710.5, 55710.5, 55485.5, 55442.5, 55442.5], "24": [311287.3333333333, 310615.3333333333, 310615.3333333333, 310615.3333333333, 310130.8333333333, 310360.3333333333], "25": [194070.0, 193678.0, 193678.0, 193678.0, 193678.0, 193232.0], "26": [331166.0, 331166.0, 331166.0, 326378.0, 325952.0, 324641.0], "27": [529452.0, 529733.0, 532512.0, 532628.0, 529745.0, 530336.0], "28": [214297.0, 213883.0, 213883.0, 213883.0, 208345.0, 208345.0], "29": [191780.5, 191780.5, 191780.5, 190890.5, 190890.5, 190890.5], "30": [227926.0, 227708.0, 227373.0, 227373.0, 224557.0, 224339.0], "31": [158438.0, 158438.0, 158438.0, 158438.0, 158438.0, 158163.0], "32": [91772.5, 91772.5, 91772.5, 91772.5, 91772.5, 91772.5], "33": [42002.0, 42002.0, 41752.0, 41752.0, 41752.0, 42099.0], "34": [253527.0, 253527.0, 252807.0, 252378.0, 251962.0, 251962.0], "35": [53475.0, 53475.0, 53022.0, 53022.0, 53022.0, 53022.0], "36": [171428.5, 171428.5, 171428.5, 171428.5, 171428.5, 171428.5], "37": [128634.0, 128634.0, 128634.0, 128634.0, 128634.0, 128634.0], "38": [15660.0, 15660.0, 15660.0, 15660.0, 15660.0, 15660.0], "39": [293367.0, 291338.0, 291338.0, 291338.0, 290298.0, 289730.0], "40": [636494.0, 636494.0, 636164.0, 636164.0, 636164.0, 634874.0], "41": [447283.5, 447283.5, 447283.5, 447283.5, 445888.5, 444493.5], "42": [123367.0, 123367.0, 123367.0, 123367.0, 123367.0, 122961.0], "43": [406481.5, 406481.5, 406481.5, 406481.5, 405580.5, 405580.5], "44": [576523.5, 576523.5, 576523.5, 577184.5, 575958.5, 576430.5], "45": [49506.5, 49506.5, 49506.5, 49506.5, 65053.0, 63865.5], "46": [32627.0, 32627.0, 32627.0, 32627.0, 32627.0, 32627.0], "47": [22987.5, 22348.5, 22348.5, 22024.5, 22024.5, 22024.5], "48": [160970.5, 158510.5, 154994.5, 154084.5, 154084.5, 154084.5], "49": [84693.0, 84693.0, 84693.0, 84693.0, 84693.0, 84693.0], "50": [237710.0, 237710.0, 237710.0, 237710.0, 237710.0, 237710.0], "51": [148204.5, 148204.5, 148204.5, 148204.5, 148204.5, 148204.5], "52": [83050.0, 83050.0, 83050.0, 83050.0, 83050.0, 82638.0], "53": [131053.0, 131053.0, 131053.0, 131053.0, 131053.0, 131053.0], "54": [5109.0, 5109.0, 5109.0, 5109.0, 5109.0, 5109.0], "55": [112948.5, 112948.5, 112948.5, 112948.5, 113199.5, 113199.5], "56": [89328.5, 89328.5, 89328.5, 89914.5, 90207.5, 90793.5], "57": [109390.0, 109390.0, 108937.0, 108937.0, 108479.0, 108479.0], "58": [83605.0, 83605.0, 83605.0, 83605.0, 83605.0, 83605.0], "59": [39402.0, 39402.0, 39402.0, 39402.0, 39402.0, 39402.0], "60": [118038.0, 117554.0, 117554.0, 117554.0, 117148.0, 117148.0], "61": [168169.5, 168169.5, 168169.5, 167696.5, 167696.5, 167696.5], "62": [80221.0, 80221.0, 80221.0, 79770.0, 79770.0, 79337.0], "63": [120803.0, 120803.0, 120803.0, 120803.0, 120803.0, 120803.0], "64": [62729.0, 62729.0, 62358.0, 62358.0, 62358.0, 62358.0], "65": [58567.0, 58567.0, 58277.0, 58277.0, 58277.0, 58277.0], "66": [249081.5, 249081.5, 249081.5, 249081.5, 249081.5, 249081.5], "67": [127025.0, 127025.0, 127025.0, 127025.0, 127025.0, 127025.0], "68": [59055.0, 59055.0, 59055.0, 59055.0, 59055.0, 59055.0], "69": [94351.5, 94158.5, 94158.5, 94158.5, 94158.5, 93965.5], "70": [23559.0, 23559.0, 23559.0, 23559.0, 23559.0, 23559.0], "71": [30641.0, 30641.0, 30641.0, 30622.0, 30622.0, 30622.0], "72": [23395.0, 22750.0, 22750.0, 22750.0, 22750.0, 21842.0], "73": [13374.0, 13374.0, 13374.0, 13204.0, 13204.0, 13204.0], "74": [0.0, 0.0, 0.0, 0.0, 0.0, 0.0], "75": [88150.0, 88150.0, 86914.0, 86914.0, 86914.0, 86914.0], "76": [62881.5, 62881.5, 62881.5, 62881.5, 62881.5, 62881.5], "77": [30494.0, 30494.0, 30494.0, 30494.0, 30795.0, 30795.0], "78": [146097.0, 146097.0, 146097.0, 146097.0, 144989.0, 144989.0], "79": [231440.5, 230967.5, 230967.5, 230967.5, 231877.5, 231075.5], "80": [147585.0, 145829.0, 145829.0, 145829.0, 145829.0, 145829.0], "81": [18280.0, 18280.0, 18280.0, 17979.0, 17979.0, 17979.0], "82": [6108.5, 6108.5, 6108.5, 6108.5, 6108.5, 6108.5], "83": [60417.0, 60417.0, 60417.0, 60417.0, 60417.0, 60417.0], "84": [208998.5, 208200.5, 215088.5, 215088.5, 213156.5, 213156.5], "85": [13798.0, 13798.0, 14174.0, 14174.0, 14174.0, 14174.0], "86": [141077.5, 137430.5, 137430.5, 137430.5, 136271.5, 136271.5], "87": [130845.0, 130845.0, 130501.0, 130501.0, 130501.0, 130501.0], "88": [10129.0, 10129.0, 10129.0, 10129.0, 10129.0, 10129.0], "89": [113591.0, 113591.0, 113591.0, 113591.0, 112794.0, 112794.0], "90": [80548.0, 80548.0, 80548.0, 80892.0, 80892.0, 73429.0], "91": [66219.0, 66219.0, 66219.0, 66219.0, 66219.0, 66219.0], "92": [10026.0, 10026.0, 10026.0, 9656.0, 9656.0, 9656.0], "93": [6464.0, 6464.0, 6464.0, 5560.0, 5560.0, 5560.0], "94": [18812.0, 18812.0, 18812.0, 18812.0, 18812.0, 18812.0], "95": [98057.0, 98057.0, 98057.0, 98057.0, 97645.0, 97645.0], "96": [36099.0, 36099.0, 36099.0, 36099.0, 36099.0, 36099.0], "97": [97626.5, 97626.5, 97626.5, 97626.5, 97626.5, 97626.5], "98": [99656.0, 99212.0, 99603.0, 99603.0, 99603.0, 99603.0], "99": [28346.0, 28738.0, 28738.0, 29130.0, 29130.0, 28640.0], "100": [33095.0, 33095.0, 33095.0, 33095.0, 33095.0, 33095.0], "101": [40207.0, 40207.0, 40207.0, 40207.0, 40207.0, 40207.0], "102": [71010.5, 71010.5, 71010.5, 71010.5, 71010.5, 71010.5], "103": [159938.0, 159938.0, 159938.0, 159938.0, 159938.0, 159649.0], "104": [24304.5, 24383.5, 24383.5, 24462.5, 24462.5, 24462.5], "105": [51859.0, 51859.0, 51859.0, 51859.0, 52117.5, 51859.0], "106": [6534.0, 6534.0, 6534.0, 6534.0, 6534.0, 6534.0], "107": [2429.0, 2429.0, 2429.0, 2429.0, 2429.0, 2429.0], "108": [11385.0, 11385.0, 11385.0, 11385.0, 11385.0, 11385.0], "109": [33493.0, 33493.0, 33493.0, 33493.0, 33493.0, 33493.0], "110": [22853.0, 22853.0, 22853.0, 22853.0, 22853.0, 22853.0], "111": [106090.5, 106090.5, 106090.5, 106090.5, 106090.5, 106090.5], "112": [620.0, 620.0, 620.0, 620.0, 620.0, 620.0], "113": [33980.0, 33980.0, 33980.0, 33980.0, 33980.0, 33980.0], "114": [117335.0, 117335.0, 117335.0, 117842.0, 117842.0, 117842.0], "115": [65359.5, 65359.5, 65359.5, 65721.5, 65721.5, 65721.5], "116": [7954.0, 7954.0, 7954.0, 7954.0, 7954.0, 7954.0], "117": [30414.5, 30414.5, 30414.5, 30414.5, 30414.5, 30414.5], "118": [6917.0, 6726.0, 6726.0, 6726.0, 6726.0, 6726.0], "119": [35181.0, 35181.0, 35181.0, 35181.0, 35181.0, 35181.0],