{"0": [961395.5, 961212.5, 959490.5, 959124.5, 958627.5, 956662.5], "1": [755822.5, 755845.5, 743869.5, 743869.5, 739527.5, 738601.5], "2": [1406768.5, 1405100.5, 1406172.5, 1410356.5, 1410124.5, 1416513.5], "3": [80237.0, 80237.0, 80237.0, 80237.0, 78853.0, 78853.0], "4": [2016650.8333333335, 2016118.8333333335, 2029624.8333333335, 2049581.8333333335, 2072596.8333333335, 2105734.8333333335], "5": [73701.0, 73407.0, 73407.0, 73113.0, 73113.0, 73113.0], "6": [957408.0, 957408.0, 956945.0, 953379.0, 950673.0, 940356.0], "7": [778033.5, 778033.5, 777570.5, 774253.5, 771798.5, 771117.5], "8": [1263457.0, 1263021.0, 1262141.0, 1259281.0, 1255721.0, 1252526.0], "9": [689040.1666666667, 687584.1666666667, 687584.1666666667, 687150.1666666667, 687150.1666666667, 686379.1666666667], "10": [1129229.5, 1128855.5, 1122936.5, 1121992.5, 1121992.5, 1119916.5], "11": [459473.0, 459473.0, 458231.0, 457419.0, 432877.0, 423973.0], "12": [46904.0, 46904.0, 46904.0, 46904.0, 46904.0, 46904.0], "13": [108946.5, 108946.5, 108946.5, 108946.5, 108946.5, 108946.5], "14": [479718.5, 479241.5, 478553.5, 476378.5, 474702.5, 474702.5], "15": [593328.0, 593188.0, 593527.0, 593436.0, 593066.0, 592190.0], "16": [429408.0, 428770.0, 428200.0, 427476.0, 427817.0, 427375.0], "17": [354155.5, 353681.5, 353204.5, 353204.5, 353204.5, 353204.5], "18": [389562.0, 389562.0, 388794.0, 388794.0, 388794.0, 388794.0], "19": [506474.0, 502930.0, 502750.0, 503056.0, 503066.0, 503096.0], "20": [677316.6666666666, 677316.6666666666, 676902.6666666666, 676902.6666666666, 676902.6666666666, 677278.6666666666], "21": [91323.0, 100460.0, 100048.0, 100048.0, 100048.0, 99266.0], "22": [217313.0, 217313.0, 217313.0, 217041.0, 216685.0, 216685.0], "23": [55710.5, 55710.5, 55710.5, 55218.5, 55218.5, 55218.5], "24": [311287.3333333333, 311287.3333333333, 311287.3333333333, 291550.3333333333, 291550.3333333333, 291091.3333333333], "25": [194070.0, 194070.0, 194070.0, 194070.0, 194070.0, 194070.0], "26": [331166.0, 330397.0, 330397.0, 326855.0, 327170.0, 327170.0], "27": [529452.0, 529191.0, 529501.0, 529300.0, 530143.0, 530424.0], "28": [214297.0, 214297.0, 214297.0, 214297.0, 214297.0, 214297.0], "29": [191780.5, 191780.5, 191780.5, 191780.5, 191780.5, 191420.5], "30": [227926.0, 227405.0, 227405.0, 225998.0, 225998.0, 225998.0], "31": [158438.0, 157651.0, 157651.0, 157651.0, 156358.0, 155420.0], "32": [91772.5, 91772.5, 91772.5, 91772.5, 91772.5, 89342.5], "33": [42002.0, 42002.0, 42002.0, 41752.0, 37502.0, 37502.0], "34": [253527.0, 252807.0, 249207.0, 249207.0, 248321.0, 248321.0], "35": [53475.0, 53475.0, 53475.0, 53475.0, 53475.0, 53475.0], "36": [171428.5, 171306.5, 170811.5, 170811.5, 170811.5, 170811.5], "37": [128634.0, 128634.0, 128634.0, 128143.0, 128143.0, 128143.0], "38": [15660.0, 15660.0, 15660.0, 15660.0, 15660.0, 15660.0], "39": [293367.0, 293367.0, 293367.0, 293367.0, 293367.0, 293367.0], "40": [636494.0, 635634.0, 635192.0, 635192.0, 634791.0, 633799.0], "41": [447283.5, 446818.5, 446385.5, 446385.5, 446385.5, 443805.5], "42": [123367.0, 123367.0, 123367.0, 123367.0, 123367.0, 123367.0], "43": [406481.5, 406019.5, 406019.5, 405579.5, 405579.5, 405579.5], "44": [576523.5, 574587.5, 574587.5, 570396.5, 570316.5, 571387.5], "45": [49506.5, 49506.5, 49506.5, 49506.5, 49506.5, 49506.5], "46": [32627.0, 32627.0, 32149.0, 32149.0, 32149.0, 32149.0], "47": [22987.5, 22987.5, 22707.5, 22707.5, 22707.5, 22707.5], "48": [160970.5, 160739.5, 159815.5, 159815.5, 159584.5, 159584.5], "49": [84693.0, 84693.0, 84693.0, 80238.0, 80238.0, 80238.0], "50": [237710.0, 237710.0, 237710.0, 237710.0, 237710.0, 237710.0], "51": [148204.5, 147766.5, 147766.5, 146470.5, 146470.5, 146077.5], "52": [83050.0, 83050.0, 83050.0, 83050.0, 83050.0, 83050.0], "53": [131053.0, 131178.0, 130715.0, 130715.0, 130715.0, 120995.0], "54": [5109.0, 5109.0, 5109.0, 5109.0, 5109.0, 5109.0], "55": [112948.5, 112948.5, 112948.5, 112948.5, 112948.5, 92265.5], "56": [89328.5, 89328.5, 89039.5, 89039.5, 89043.5, 89629.5], "57": [109390.0, 109390.0, 109390.0, 108932.0, 108932.0, 108474.0], "58": [83605.0, 83605.0, 83139.0, 82347.0, 82347.0, 82347.0], "59": [39402.0, 39402.0, 39402.0, 39402.0, 39402.0, 39402.0], "60": [118038.0, 118038.0, 118038.0, 118038.0, 116793.0, 116329.0], "61": [168169.5, 168169.5, 168169.5, 167659.5, 167659.5, 166195.5], "62": [80221.0, 80221.0, 80221.0, 79901.0, 79412.0, 79412.0], "63": [120803.0, 120803.0, 120803.0, 120803.0, 120803.0, 120803.0], "64": [62729.0, 62729.0, 62729.0, 62729.0, 62729.0, 62729.0], "65": [58567.0, 58567.0, 58567.0, 58567.0, 58567.0, 58567.0], "66": [249081.5, 249081.5, 249081.5, 250233.5, 250233.5, 250233.5], "67": [127025.0, 127025.0, 127025.0, 127025.0, 127025.0, 127025.0], "68": [59055.0, 59055.0, 59055.0, 59055.0, 59055.0, 59055.0], "69": [94351.5, 94046.5, 93556.5, 93556.5, 93066.5, 93066.5], "70": [23559.0, 23559.0, 23559.0, 23559.0, 23559.0, 23559.0], "71": [30641.0, 30641.0, 30641.0, 30641.0, 30641.0, 30641.0], "72": [23395.0, 23395.0, 23395.0, 23395.0, 23395.0, 23395.0], "73": [13374.0, 13374.0, 13374.0, 13374.0, 13374.0, 13374.0], "74": [0.0, 0.0, 0.0, 0.0, 0.0, 0.0], "75": [88150.0, 88150.0, 88150.0, 88150.0, 88150.0, 88150.0], "76": [62881.5, 62881.5, 62881.5, 62881.5, 62881.5, 62881.5], "77": [30494.0, 30494.0, 30494.0, 30795.0, 30795.0, 28790.0], "78": [146097.0, 146097.0, 146097.0, 145657.0, 145657.0, 145657.0], "79": [231440.5, 231440.5, 231440.5, 231440.5, 231440.5, 231702.5], "80": [147585.0, 147585.0, 147585.0, 147144.0, 147144.0, 146690.0], "81": [18280.0, 18280.0, 18280.0, 18280.0, 18280.0, 18280.0], "82": [6108.5, 6108.5, 6108.5, 6108.5, 6108.5, 6108.5], "83": [60417.0, 60417.0, 60417.0, 60417.0, 60417.0, 60417.0], "84": [208998.5, 208819.5, 208819.5, 208640.5, 208366.5, 208366.5], "85": [13798.0, 13798.0, 13610.0, 13610.0, 13610.0, 13610.0], "86": [141077.5, 141077.5, 141077.5, 141077.5, 141077.5, 141077.5], "87": [130845.0, 130366.0, 130366.0, 130366.0, 129364.0, 129364.0], "88": [10129.0, 10129.0, 10129.0, 10129.0, 10129.0, 10129.0], "89": [113591.0, 112794.0, 112352.0, 111715.0, 111715.0, 104542.0], "90": [80548.0, 80109.0, 80109.0, 80109.0, 80109.0, 80453.0], "91": [66219.0, 66219.0, 66219.0, 66219.0, 66219.0, 65904.0], "92": [10026.0, 10026.0, 10026.0, 10026.0, 10026.0, 10026.0], "93": [6464.0, 6464.0, 6464.0, 6464.0, 6464.0, 6464.0], "94": [18812.0, 18812.0, 18812.0, 18812.0, 18812.0, 18812.0], "95": [98057.0, 98057.0, 97273.0, 97273.0, 97273.0, 97273.0], "96": [36099.0, 36099.0, 36099.0, 36099.0, 36089.0, 35953.0], "97": [97626.5, 97626.5, 97626.5, 97626.5, 97174.5, 97174.5], "98": [99656.0, 99656.0, 99656.0, 99656.0, 99656.0, 99656.0], "99": [28346.0, 28346.0, 28346.0, 28346.0, 28346.0, 28738.0], "100": [33095.0, 33095.0, 33095.0, 33095.0, 33095.0, 33095.0], "101": [40207.0, 40207.0, 39768.0, 39768.0, 39768.0, 39768.0], "102": [71010.5, 71010.5, 71010.5, 71010.5, 71010.5, 71010.5], "103": [159938.0, 159649.0, 159649.0, 159649.0, 157881.0, 157881.0], "104": [24304.5, 24304.5, 24304.5, 24462.5, 24541.5, 23297.5], "105": [51859.0, 51859.0, 51859.0, 51859.0, 51859.0, 51859.0], "106": [6534.0, 6534.0, 6534.0, 6534.0, 6148.0, 6148.0], "107": [2429.0, 2429.0, 2429.0, 2429.0, 2429.0, 2429.0], "108": [11385.0, 11385.0, 11385.0, 14580.0, 14580.0, 14580.0], "109": [33493.0, 33493.0, 33493.0, 33493.0, 33493.0, 33493.0], "110": [22853.0, 22853.0, 22853.0, 22853.0, 22853.0, 22853.0], "111": [106090.5, 106090.5, 106090.5, 106090.5, 106090.5, 106090.5], "112": [620.0, 620.0, 620.0, 620.0, 620.0, 620.0], "113": [33980.0, 33980.0, 33980.0, 33980.0, 31310.0, 31310.0], "114": [117335.0, 117335.0, 117335.0, 117842.0, 117842.0, 117842.0], "115": [65359.5, 65359.5, 65359.5, 65136.5, 65136.5, 65136.5], "116": [7954.0, 7954.0, 7954.0, 7954.0, 7954.0, 7954.0], "117": [30414.5, 30414.5, 30414.5, 30414.5, 30414.5, 29556.5], "118": [6917.0, 6917.0, 6917.0, 6917.0, 6917.0, 6917.0], "119": [35181.0, 35181.0, 35181.0, 35181.0, 35181.0, 35181.0],