{"0": [5235268.023809524, 5226797.023809524, 5249331.023809524, 5234790.023809524], "1": [1513596.333333333, 1517016.333333333, 1513596.333333333, 1513596.333333333], "2": [26652.38095238096, 26652.38095238096, 28652.38095238096, 28652.38095238096], "3": [35926.66666666667, 35926.66666666667, 35926.66666666667, 35926.66666666667], "4": [3329487.25, 3326485.75, 3317248.75, 3292726.25], "5": [571465.6428571428, 571465.6428571428, 568131.6428571428, 568131.6428571428], "6": [3819111.904761905, 3833323.9047619044, 3821561.9047619044, 3798450.9047619044], "7": [1190213.4404761905, 1189213.4404761905, 1189213.4404761905, 1189213.4404761905], "8": [398804.1666666666, 398804.1666666666, 398804.1666666666, 398804.1666666666], "9": [492568.9166666666, 492568.9166666666, 491818.9166666666, 491818.9166666666], "10": [867047.880952381, 865047.880952381, 865047.880952381, 862032.880952381], "11": [2005187.1547619046, 1988620.488095238, 1948086.1547619046, 1935468.488095238], "12": [693654.5833333334, 707081.5833333334, 703579.5833333334, 696576.0833333334], "13": [2899358.75, 2899358.75, 2902592.75, 2931905.75], "14": [603540.8333333334, 604708.8333333334, 604708.8333333334, 603540.8333333334], "15": [1107297.642857143, 1104964.3095238095, 1103464.3095238095, 1103464.3095238095], "16": [753105.7142857143, 753105.7142857143, 751604.7142857143, 752855.7142857143], "17": [461909.04761904763, 461909.04761904763, 461909.04761904763, 468929.04761904763], "18": [97789.33333333334, 97789.33333333334, 97789.33333333334, 97789.33333333334], "19": [514210.75000000006, 514210.75000000006, 514278.75000000006, 514278.75000000006], "20": [139179.09523809524, 139179.09523809524, 139179.09523809524, 139179.09523809524], "21": [437426.5, 437426.5, 437426.5, 437426.5], "22": [207770.16666666666, 207770.16666666666, 207770.16666666666, 209261.16666666666], "23": [999687.3333333333, 997687.3333333333, 997687.3333333333, 992603.3333333333], "24": [488945.8333333334, 488945.8333333334, 487036.8333333334, 487036.8333333334], "25": [33368.0, 33368.0, 33368.0, 33368.0], "26": [1090735.2976190473, 1090735.2976190473, 1090735.2976190473, 1090735.2976190473], "27": [129773.0476190476, 128773.0476190476, 128773.0476190476, 128773.0476190476], "28": [108245.5, 108245.5, 108245.5, 108245.5], "29": [1600269.6666666665, 1597788.6666666665, 1597788.6666666665, 1615477.333333333], "30": [875372.1666666669, 865288.8333333335, 856787.8333333335, 847787.8333333335], "31": [12754.000000000002, 12754.000000000002, 12754.000000000002, 12754.000000000002], "32": [173033.83333333334, 173033.83333333334, 173033.83333333334, 171531.83333333334], "33": [153501.09523809524, 147667.42857142858, 143167.42857142858, 142667.42857142858], "34": [347838.3333333333, 346738.3333333333, 346188.3333333333, 345088.3333333333], "35": [180292.66666666666, 180292.66666666666, 180292.66666666666, 180292.66666666666], "36": [310052.8809523809, 310052.8809523809, 310052.8809523809, 310052.8809523809], "37": [194179.04761904763, 193079.04761904763, 186229.04761904763, 178441.38095238095], "38": [216716.66666666663, 216716.66666666663, 216716.66666666663, 216716.66666666663], "39": [23499.999999999985, 23499.999999999985, 23499.999999999985, 23499.999999999985], "40": [42840.333333333336, 42840.333333333336, 42840.333333333336, 42840.333333333336], "41": [6000.0, 6000.0, 6000.0, 6000.0], "42": [241378.16666666663, 241378.16666666663, 240378.16666666663, 240378.16666666663], "43": [80894.52380952382, 80894.52380952382, 80894.52380952382, 80894.52380952382], "44": [65005.0, 65005.0, 65005.0, 65005.0], "45": [838570.8333333334, 835469.8333333334, 837880.8333333334, 849380.8333333334], "46": [72893.66666666669, 72893.66666666669, 72893.66666666669, 72893.66666666669], "47": [2011.0, 2011.0, 2011.0, 2011.0], "48": [88312.66666666667, 88312.66666666667, 88312.66666666667, 88312.66666666667], "49": [1733.3333333333271, 1733.3333333333271, 1733.3333333333271, 1733.3333333333271], "50": [410728.5, 407858.5, 399248.5, 398223.5], "51": [169000.49999999997, 169000.49999999997, 171001.49999999997, 171001.49999999997], "52": [202698.6666666667, 202698.66666666666, 202698.66666666666, 202698.6666666667], "53": [37347.33333333333, 37347.33333333333, 37347.33333333333, 37347.333333333336], "54": [74515.0, 74515.0, 74515.0, 74515.0], "55": [53755.16666666667, 53755.16666666667, 53755.16666666667, 53755.166666666664], "56": [312800.47619047627, 313717.1428571429, 313717.1428571429, 312467.1428571429], "57": [79518.5, 78518.5, 74518.0, 68517.00000000001], "58": [233432.3333333333, 233432.3333333333, 233432.3333333333, 233432.3333333333], "59": [90917.5, 92419.5, 92419.5, 92419.5], "60": [236914.99999999997, 236914.99999999997, 236914.99999999997, 236914.99999999997], "61": [209071.5833333333, 209071.5833333333, 209071.5833333333, 209071.5833333333], "62": [170038.00000000003, 169704.6666666667, 176871.33333333334, 174704.6666666667], "63": [406769.6666666667, 405102.6666666667, 405102.6666666667, 405102.6666666667], "64": [63020.58333333333, 66699.08333333333, 64698.08333333333, 64698.08333333333], "65": [89352.66666666666, 89352.66666666666, 89352.66666666666, 89352.66666666666], "66": [327836.3333333333, 326335.3333333333, 326335.3333333333, 326335.3333333333], "67": [166437.21428571426, 166437.21428571426, 166437.21428571426, 166437.21428571426], "68": [23841.833333333307, 23841.833333333307, 23841.833333333307, 23841.833333333307], "69": [260657.1666666667, 260490.50000000003, 254490.50000000003, 253323.83333333334], "70": [266098.8333333333, 266098.8333333333, 266098.8333333333, 266108.8333333333], "71": [36422.38095238096, 36422.38095238096, 36422.38095238096, 36422.38095238096], "72": [21679.16666666668, 21679.16666666668, 21679.16666666668, 21679.16666666668], "73": [180445.6666666667, 178444.6666666667, 178444.6666666667, 178444.6666666667], "74": [111527.0, 110427.0, 110427.0, 110427.0], "75": [112185.21428571426, 112185.21428571426, 112185.21428571426, 112185.21428571426], "76": [300654.5, 299554.5, 302154.5, 300654.5], "77": [144173.83333333334, 144173.83333333334, 144173.83333333334, 145274.83333333334], "78": [6100.0, 6100.0, 6100.0, 6100.0], "79": [215092.8333333333, 215092.8333333333, 215092.8333333333, 215092.8333333333], "80": [156535.1666666667, 156535.1666666667, 156035.1666666667, 154368.1666666667], "81": [72566.66666666666, 71233.33333333333, 71233.33333333333, 66233.33333333333], "82": [146719.54761904766, 146719.54761904766, 146719.54761904766, 146719.54761904766], "83": [66836.33333333334, 66836.33333333334, 66836.33333333334, 66836.33333333334], "84": [174565.0, 174565.0, 219340.0, 175772.0], "85": [1000.0, 1000.0, 1000.0, 1000.0], "86": [285706.3333333334, 287373.3333333334, 285706.3333333334, 285706.3333333334], "87": [309329.3333333334, 292069.3333333334, 290318.3333333334, 289984.99999999994], "88": [116262.0, 116262.0, 116262.0, 116262.0], "89": [24068.666666666657, 24068.666666666657, 24068.666666666657, 24068.666666666657], "90": [131333.3333333333, 131333.3333333333, 131333.3333333333, 131333.3333333333], "91": [56820.99999999999, 56820.99999999999, 56820.99999999999, 56820.99999999999], "92": [47000.999999999985, 45000.999999999985, 45000.999999999985, 45000.999999999985], "93": [129831.16666666669, 129831.16666666669, 129831.16666666669, 129831.16666666669], "94": [97826.16666666666, 97826.16666666666, 97826.16666666666, 97826.16666666666], "95": [13669.66666666666, 13669.66666666666, 13669.66666666666, 13669.66666666666], "96": [89861.74999999997, 89861.74999999997, 89861.74999999997, 89861.74999999997], "97": [49833.33333333334, 49833.33333333334, 49833.33333333334, 49833.33333333334], "98": [180076.66666666666, 180076.66666666666, 180076.66666666666, 180076.66666666666], "99": [79419.0, 79419.0, 79419.0, 79419.0], "100": [287086.3333333334, 291878.3333333334, 285444.0, 279727.3333333334], "101": [13398.33333333334, 13398.33333333334, 13398.33333333334, 13398.33333333334],