{"0": [5255706.69047619, 5236481.023809524, 5224397.69047619, 5218334.357142857], "1": [1516098.333333333, 1550005.833333333, 1542749.833333333, 1536367.333333333], "2": [26652.38095238096, 26652.38095238096, 26652.38095238096, 26652.38095238096], "3": [35926.66666666667, 35926.66666666667, 35926.66666666667, 35926.66666666667], "4": [3293969.0833333335, 3288543.0833333335, 3281020.0833333335, 3273712.416666667], "5": [850906.4761904762, 772237.142857143, 729901.9761904762, 709399.8095238096], "6": [3836447.238095238, 3821774.071428571, 3815767.0714285714, 3791064.9047619044], "7": [1208223.4404761905, 1198963.4404761905, 1198630.1071428573, 1193630.1071428575], "8": [399804.1666666666, 397804.1666666666, 397804.1666666666, 397804.1666666666], "9": [501818.9166666666, 499818.9166666666, 497818.9166666666, 497318.9166666666], "10": [861037.880952381, 861037.880952381, 859037.880952381, 859037.880952381], "11": [1943159.3214285714, 1943159.3214285714, 1942158.8214285714, 1934488.6547619046], "12": [691236.2500000001, 691236.2500000001, 691236.2500000001, 694270.2500000001], "13": [2905236.75, 2901492.75, 2911173.9166666665, 2909506.75], "14": [608708.8333333334, 602204.8333333334, 602204.8333333334, 599285.8333333334], "15": [1105130.9761904762, 1105130.9761904762, 1105130.9761904762, 1105130.9761904762], "16": [759528.7142857143, 756276.7142857143, 755025.7142857143, 751271.7142857143], "17": [461909.04761904763, 461909.04761904763, 461909.04761904763, 461909.04761904763], "18": [97789.33333333334, 97789.33333333334, 97789.33333333334, 97789.33333333334], "19": [512610.75000000006, 512610.75000000006, 512610.75000000006, 512610.75000000006], "20": [140679.09523809524, 139179.09523809524, 139179.09523809524, 139179.09523809524], "21": [437426.5, 439177.5, 437426.5, 437426.5], "22": [207770.16666666666, 207770.16666666666, 207770.16666666666, 207770.16666666666], "23": [992853.3333333333, 992853.3333333333, 992853.3333333333, 992853.3333333333], "24": [519699.8333333333, 509571.8333333334, 505211.8333333334, 498346.8333333334], "25": [33368.0, 33368.0, 33368.0, 33368.0], "26": [1090735.2976190473, 1090735.2976190473, 1100986.2976190476, 1099319.6309523808], "27": [129439.71428571428, 128773.04761904762, 128773.04761904762, 128439.71428571428], "28": [108245.5, 108245.5, 108245.5, 108245.5], "29": [1599123.1666666665, 1606419.6666666665, 1604409.6666666665, 1609772.6666666665], "30": [873647.1666666666, 866647.1666666666, 865397.1666666666, 853597.1666666667], "31": [12754.000000000002, 12754.000000000002, 12754.000000000002, 12754.000000000002], "32": [173033.83333333334, 173033.83333333334, 171531.83333333334, 171531.83333333334], "33": [142667.09523809524, 142667.09523809524, 142667.09523809524, 142667.09523809524], "34": [346738.3333333333, 344538.3333333333, 344538.3333333333, 344538.3333333333], "35": [180292.66666666666, 182292.66666666666, 182292.66666666666, 180291.66666666666], "36": [310719.5476190476, 310719.5476190476, 310719.5476190476, 310719.5476190476], "37": [177647.04761904763, 177647.04761904763, 177647.04761904763, 177647.04761904763], "38": [216716.66666666663, 216716.66666666663, 216716.66666666663, 216049.99999999997], "39": [25499.999999999993, 23499.999999999985, 23499.999999999985, 22999.999999999985], "40": [42840.333333333336, 42840.333333333336, 42840.333333333336, 42840.333333333336], "41": [6000.0, 6000.0, 4750.0, 4750.0], "42": [243044.83333333328, 242044.83333333328, 241044.83333333328, 242378.16666666663], "43": [80894.52380952382, 80894.52380952382, 80894.52380952382, 80894.52380952382], "44": [66505.0, 66505.0, 65005.0, 65005.0], "45": [836237.8333333334, 836237.8333333334, 837303.8333333334, 836203.8333333334], "46": [72893.66666666669, 72893.66666666669, 72893.66666666669, 72893.66666666669], "47": [2011.0, 2011.0, 2011.0, 2011.0], "48": [88312.66666666667, 88312.66666666667, 88312.66666666667, 88312.66666666667], "49": [1733.3333333333271, 1733.3333333333271, 1733.3333333333305, 1733.3333333333271], "50": [400068.5, 400068.5, 400068.5, 400068.5], "51": [171500.99999999997, 171834.5, 171834.5, 171834.5], "52": [202698.6666666667, 202698.6666666667, 202698.6666666667, 202698.6666666667], "53": [38347.333333333336, 38347.333333333336, 38347.333333333336, 38347.333333333336], "54": [74515.0, 74515.0, 74515.0, 74515.0], "55": [55756.166666666664, 55756.166666666664, 53755.166666666664, 53755.166666666664], "56": [312800.47619047627, 313425.47619047627, 313425.47619047627, 312800.47619047627], "57": [66517.00000000001, 66517.00000000001, 66517.00000000001, 66517.00000000001], "58": [233432.3333333333, 233432.3333333333, 233432.3333333333, 233432.3333333333], "59": [90917.5, 90917.5, 90917.5, 90917.5], "60": [236914.99999999997, 235424.99999999997, 235424.99999999997, 235424.99999999997], "61": [216072.5833333333, 214072.5833333333, 209071.5833333333, 209071.5833333333], "62": [170871.33333333334, 170871.33333333334, 170538.0, 169171.3333333333], "63": [405102.6666666667, 406102.6666666667, 405102.6666666667, 405102.6666666667], "64": [63020.58333333333, 63020.58333333333, 63020.58333333333, 63020.58333333333], "65": [91352.66666666666, 91352.66666666666, 91352.66666666666, 91352.66666666666], "66": [327836.3333333333, 325084.8333333333, 325084.8333333333, 324334.3333333333], "67": [164770.21428571426, 163103.21428571426, 163103.21428571426, 163103.21428571426], "68": [23841.833333333307, 23841.833333333307, 23841.833333333307, 23841.833333333307], "69": [251822.83333333334, 251822.83333333334, 251822.83333333334, 251822.83333333334], "70": [264998.8333333333, 264998.8333333333, 264998.8333333333, 264998.8333333333], "71": [36422.38095238096, 36422.38095238096, 36422.38095238096, 36422.38095238096], "72": [21679.16666666668, 21679.16666666668, 21679.16666666668, 21679.16666666668], "73": [177444.6666666667, 177444.6666666667, 177444.6666666667, 177444.6666666667], "74": [111527.0, 111527.0, 111193.66666666666, 110993.66666666669], "75": [112185.21428571426, 112185.21428571426, 112185.21428571426, 112185.21428571429], "76": [299554.5, 299554.5, 300655.5, 300971.1666666667], "77": [144173.83333333334, 144173.83333333334, 144173.83333333334, 144173.83333333334], "78": [6100.0, 6100.0, 6100.0, 6100.0], "79": [215092.8333333333, 215092.8333333333, 215092.8333333333, 215092.8333333333], "80": [155701.33333333334, 154034.33333333334, 154034.33333333334, 153367.6666666667], "81": [62233.33333333333, 62233.33333333333, 62233.33333333333, 62233.33333333333], "82": [150220.04761904766, 149386.54761904763, 148386.54761904763, 148386.54761904763], "83": [71003.0, 69003.0, 69003.0, 68336.33333333334], "84": [174565.0, 174565.0, 174565.0, 175776.0], "85": [1000.0, 1000.0, 1000.0, 1000.0], "86": [285706.3333333334, 285706.3333333334, 285706.3333333334, 285706.3333333334], "87": [288820.3333333334, 288820.3333333334, 288820.3333333334, 303835.6666666666], "88": [116262.0, 116262.0, 116262.0, 116262.0], "89": [24068.66666666667, 25068.66666666667, 25068.66666666667, 24735.333333333336], "90": [131333.3333333333, 131333.3333333333, 131333.3333333333, 131333.3333333333], "91": [56820.99999999999, 56820.99999999999, 56820.99999999999, 56820.99999999999], "92": [45000.999999999985, 45000.999999999985, 45000.999999999985, 45000.999999999985], "93": [129831.16666666669, 129831.16666666669, 129831.16666666669, 129831.16666666669], "94": [97826.16666666666, 97826.16666666666, 97826.16666666666, 97826.16666666666], "95": [13669.66666666666, 13669.66666666666, 13669.66666666666, 13669.66666666666], "96": [171196.0833333333, 140862.74999999997, 140112.74999999997, 128362.74999999996], "97": [49833.33333333334, 49833.33333333334, 49833.33333333334, 49833.33333333334], "98": [180076.66666666666, 287803.3333333334, 279043.3333333334, 260056.6666666667], "99": [79419.0, 79419.0, 139956.6666666667, 126654.66666666669], "100": [283029.3333333333, 281929.3333333334, 281929.3333333334, 354016.0],