{"0": [5467564.023809523, 5421002.523809523, 5380534.69047619, 5389543.523809524], "1": [1517557.333333333, 1516682.333333333, 1515807.333333333, 1493513.0], "2": [27652.380952380976, 27652.380952380976, 27319.047619047637, 27152.38095238096], "3": [35926.66666666667, 35926.66666666667, 35926.66666666667, 35926.66666666667], "4": [3301807.0833333335, 3272171.0833333335, 3270420.0833333335, 3263853.0833333335], "5": [569131.6428571428, 569131.6428571428, 567297.3095238096, 567130.6428571428], "6": [3804190.238095238, 3798688.238095238, 3793185.238095238, 3786264.5714285714], "7": [1193983.4404761905, 1193130.1071428573, 1189130.1071428573, 1187130.1071428573], "8": [399804.1666666666, 401471.1666666666, 396470.1666666666, 396470.1666666666], "9": [492568.9166666666, 489567.9166666666, 489567.9166666666, 488567.9166666666], "10": [861037.880952381, 930060.880952381, 934250.2142857143, 938594.380952381], "11": [1944561.8214285714, 1941361.8214285714, 1935760.8214285714, 1931685.8214285714], "12": [691236.2500000001, 691236.2500000001, 691236.2500000001, 691236.2500000001], "13": [2927288.75, 2921570.75, 2910940.416666667, 2904734.75], "14": [603540.8333333334, 603540.8333333334, 600538.8333333334, 600538.8333333334], "15": [1112652.4761904762, 1112652.4761904762, 1108464.9761904762, 1107464.9761904762], "16": [756022.380952381, 756022.380952381, 753771.380952381, 751936.7142857143], "17": [461909.04761904763, 461909.04761904763, 457575.71428571426, 455409.04761904763], "18": [97789.33333333334, 97789.33333333334, 97789.33333333334, 97789.33333333334], "19": [518880.75000000006, 516213.75000000006, 516213.75000000006, 516213.75000000006], "20": [139845.7619047619, 139845.7619047619, 139845.7619047619, 139845.7619047619], "21": [439176.5, 439176.5, 441681.5, 441681.5], "22": [209260.16666666666, 209260.16666666666, 209260.16666666666, 209260.16666666666], "23": [997010.8333333333, 995343.8333333333, 1056192.5, 1051817.5], "24": [486024.8333333334, 486024.8333333334, 486024.8333333334, 482409.8333333334], "25": [33368.0, 33368.0, 33368.0, 33368.0], "26": [1162850.2976190473, 1167352.2976190473, 1171228.7976190476, 1170352.2976190476], "27": [127773.0476190476, 126439.71428571428, 126439.71428571428, 126439.71428571428], "28": [108245.5, 108245.5, 108245.5, 108245.5], "29": [1609842.1666666665, 1608958.6666666665, 1600955.6666666665, 1598955.6666666665], "30": [832145.1666666667, 836646.1666666667, 836646.1666666667, 835979.5], "31": [12754.000000000002, 12754.000000000002, 12754.000000000002, 12754.000000000002], "32": [171531.83333333334, 171531.83333333334, 171531.83333333334, 170029.83333333334], "33": [142667.09523809524, 142667.09523809524, 142667.09523809524, 137665.09523809524], "34": [346739.3333333333, 346739.3333333333, 346739.3333333333, 347405.0], "35": [180292.66666666666, 180292.66666666666, 180292.66666666666, 180292.66666666666], "36": [310719.5476190476, 310719.5476190476, 310719.5476190476, 310719.5476190476], "37": [177647.04761904763, 177647.04761904763, 177647.04761904763, 177647.04761904763], "38": [216716.66666666663, 217716.66666666663, 217716.66666666663, 217383.3333333333], "39": [23499.999999999985, 23499.999999999985, 23499.999999999985, 23499.999999999985], "40": [43715.333333333336, 43715.333333333336, 42840.333333333336, 21542.666666666668], "41": [6000.0, 6000.0, 6000.0, 6000.0], "42": [240378.16666666663, 240378.16666666663, 240378.16666666663, 240378.16666666663], "43": [80894.52380952382, 80894.52380952382, 80894.52380952382, 80894.52380952382], "44": [65005.0, 65005.0, 65005.0, 65005.0], "45": [836970.8333333334, 835270.8333333334, 833853.8333333334, 833853.8333333334], "46": [72893.66666666669, 70893.66666666669, 70893.66666666669, 70893.66666666669], "47": [2011.0, 2011.0, 2011.0, 2011.0], "48": [90312.66666666667, 88312.66666666667, 88312.66666666667, 88312.66666666667], "49": [1733.3333333333305, 1733.3333333333305, 1733.3333333333305, 1733.3333333333305], "50": [408230.5, 407820.5, 406932.1666666666, 405706.0], "51": [169000.49999999997, 169000.49999999997, 169000.49999999997, 169000.49999999997], "52": [202698.6666666667, 202698.6666666667, 202698.6666666667, 202698.6666666667], "53": [38347.333333333336, 38347.333333333336, 38347.333333333336, 38347.333333333336], "54": [74515.0, 74515.0, 74515.0, 74515.00000000001], "55": [53755.166666666664, 53755.166666666664, 53755.16666666667, 53755.16666666667], "56": [314050.47619047627, 313550.47619047627, 312925.47619047627, 312300.47619047627], "57": [66517.00000000001, 66517.00000000001, 65517.000000000015, 65517.000000000015], "58": [233432.3333333333, 233432.3333333333, 233432.3333333333, 231765.3333333333], "59": [90917.5, 90917.5, 90917.5, 90917.5], "60": [241484.99999999997, 239994.99999999997, 236914.99999999997, 236914.99999999997], "61": [209071.5833333333, 209071.5833333333, 209071.5833333333, 209071.5833333333], "62": [169704.6666666667, 169704.6666666667, 169704.6666666667, 169704.6666666667], "63": [405102.6666666667, 405102.6666666667, 403977.6666666667, 442603.00000000006], "64": [63020.58333333333, 63020.58333333333, 63020.58333333333, 63020.58333333333], "65": [92352.66666666666, 90352.66666666666, 90352.66666666666, 90019.33333333333], "66": [326335.3333333333, 326335.3333333333, 325584.8333333333, 324668.1666666667], "67": [164770.21428571426, 164770.21428571426, 167603.88095238098, 164103.88095238095], "68": [23841.833333333307, 23841.833333333307, 23841.83333333332, 23841.8333333333], "69": [253323.83333333334, 253323.83333333334, 253323.83333333334, 253323.83333333334], "70": [267098.8333333333, 267098.8333333333, 266098.8333333333, 263898.8333333333], "71": [36422.38095238096, 36422.38095238096, 36422.38095238096, 36422.38095238096], "72": [21679.16666666668, 21679.16666666668, 21679.16666666668, 21679.16666666668], "73": [181456.6666666667, 177778.00000000003, 177778.00000000003, 177778.00000000003], "74": [110427.0, 110427.0, 110427.0, 110427.0], "75": [115939.21428571426, 115939.21428571426, 115939.21428571426, 112809.71428571426], "76": [300654.5, 300654.5, 300654.5, 300654.5], "77": [145274.83333333334, 145274.83333333334, 145274.83333333334, 145274.83333333334], "78": [6100.0, 6100.0, 6100.0, 6100.0], "79": [215092.8333333333, 215092.8333333333, 215092.8333333333, 215092.8333333333], "80": [155201.6666666667, 156035.1666666667, 156035.1666666667, 156035.1666666667], "81": [62900.0, 62900.0, 62900.0, 62900.0], "82": [146719.54761904766, 146719.54761904766, 146719.54761904766, 146719.54761904766], "83": [67003.0, 67003.0, 67003.0, 67003.0], "84": [175775.0, 175775.0, 175775.0, 175775.0], "85": [1000.0, 1000.0, 1000.0, 1000.0], "86": [287706.3333333334, 287706.3333333334, 287706.3333333334, 284371.3333333334], "87": [288820.3333333334, 288820.3333333334, 288820.3333333334, 288820.3333333334], "88": [117773.0, 116262.0, 116262.0, 116262.0], "89": [24068.66666666667, 24068.666666666657, 24068.666666666657, 22401.999999999996], "90": [131333.3333333333, 131333.3333333333, 131333.3333333333, 131333.3333333333], "91": [56820.99999999999, 56820.99999999999, 56820.99999999999, 56820.99999999999], "92": [45000.999999999985, 45000.999999999985, 45000.999999999985, 45000.999999999985], "93": [129831.16666666669, 129831.16666666669, 129831.16666666669, 129831.16666666669], "94": [97826.16666666666, 97826.16666666666, 97826.16666666666, 97826.16666666666], "95": [13669.66666666666, 13669.66666666666, 13669.66666666666, 13669.66666666666], "96": [89861.74999999997, 89861.74999999997, 89861.74999999997, 89861.74999999997], "97": [49833.33333333334, 49833.33333333333, 49833.33333333333, 49833.33333333333], "98": [180076.66666666666, 180076.66666666666, 180076.66666666666, 180076.66666666666], "99": [79419.0, 77420.0, 77420.0, 77420.0], "100": [285029.3333333334, 285029.3333333334, 285029.3333333334, 285029.3333333334], "101": [13398.33333333334, 13398.33333333334, 13398.33333333334, 13398.33333333334],