{"0": [961395.5, 963499.5, 961681.5, 961498.5, 973040.5, 971235.5], "1": [755822.5, 755822.5, 755822.5, 755822.5, 755822.5, 755822.5], "2": [1406768.5, 1395393.0, 1380956.0, 1376486.0, 1374120.0, 1370072.0], "3": [80237.0, 80237.0, 80237.0, 80237.0, 80237.0, 80237.0], "4": [2016650.8333333335, 1991512.8333333335, 1987396.8333333335, 1983358.8333333335, 1980709.8333333335, 1975967.8333333335], "5": [73701.0, 73701.0, 73701.0, 73701.0, 73701.0, 73701.0], "6": [957408.0, 955873.0, 954690.0, 966838.5, 965198.5, 964304.5], "7": [778033.5, 776554.5, 775620.5, 775620.5, 775153.5, 775153.5], "8": [1263457.0, 1263457.0, 1291246.0, 1287490.0, 1287089.0, 1285967.0], "9": [689040.1666666667, 688147.1666666667, 687780.1666666667, 687780.1666666667, 687316.1666666667, 687316.1666666667], "10": [1129229.5, 1160251.5, 1155369.5, 1153138.5, 1149848.5, 1142042.5], "11": [459473.0, 459060.0, 458798.0, 458798.0, 458798.0, 458385.0], "12": [46904.0, 46904.0, 46904.0, 46904.0, 46904.0, 46904.0], "13": [108946.5, 108946.5, 109390.5, 109390.5, 109390.5, 109390.5], "14": [479718.5, 479241.5, 478323.5, 478323.5, 478323.5, 477882.5], "15": [593328.0, 596180.0, 596180.0, 595789.0, 594967.0, 593299.0], "16": [429408.0, 428383.0, 428983.0, 427935.0, 427195.0, 427195.0], "17": [354155.5, 354155.5, 353712.5, 353712.5, 353712.5, 353712.5], "18": [389562.0, 389562.0, 389562.0, 389870.0, 389870.0, 389870.0], "19": [506474.0, 505245.0, 505245.0, 505245.0, 505245.0, 505245.0], "20": [677316.6666666666, 679013.6666666666, 677732.6666666666, 677318.6666666666, 676891.6666666666, 677533.6666666666], "21": [91323.0, 91323.0, 91323.0, 91323.0, 91323.0, 91323.0], "22": [217313.0, 217674.0, 217219.0, 216863.0, 216863.0, 216420.0], "23": [55710.5, 55218.5, 55218.5, 55218.5, 55218.5, 55218.5], "24": [311287.3333333333, 310828.3333333333, 310828.3333333333, 311111.3333333333, 311111.3333333333, 311111.3333333333], "25": [194070.0, 194070.0, 194070.0, 193890.0, 193890.0, 193890.0], "26": [331166.0, 327900.0, 327900.0, 327900.0, 327900.0, 327900.0], "27": [529452.0, 529754.0, 529754.0, 529754.0, 529452.0, 541340.0], "28": [214297.0, 213871.0, 213460.0, 213460.0, 213038.0, 213038.0], "29": [191780.5, 192286.5, 192286.5, 192286.5, 192286.5, 192286.5], "30": [227926.0, 227926.0, 227708.0, 227708.0, 228490.0, 227708.0], "31": [158438.0, 158163.0, 158163.0, 158163.0, 158163.0, 158163.0], "32": [91772.5, 91772.5, 92177.5, 91772.5, 91772.5, 91772.5], "33": [42002.0, 41752.0, 41252.0, 41252.0, 41252.0, 41252.0], "34": [253527.0, 252589.0, 251216.0, 251216.0, 250804.0, 250804.0], "35": [53475.0, 54154.0, 54154.0, 54154.0, 54154.0, 54154.0], "36": [171428.5, 171754.5, 171754.5, 171754.5, 171754.5, 171428.5], "37": [128634.0, 128634.0, 128634.0, 128634.0, 128634.0, 130101.0], "38": [15660.0, 15660.0, 15660.0, 15660.0, 15660.0, 15660.0], "39": [293367.0, 293367.0, 292508.0, 292508.0, 292224.0, 291182.0], "40": [636494.0, 636494.0, 636494.0, 636494.0, 636494.0, 636494.0], "41": [447283.5, 447283.5, 447283.5, 447283.5, 447283.5, 447283.5], "42": [123367.0, 123367.0, 123367.0, 123367.0, 123367.0, 123367.0], "43": [406481.5, 405675.5, 405675.5, 405675.5, 405675.5, 408828.5], "44": [576523.5, 575465.5, 575465.5, 575465.5, 575465.5, 578219.5], "45": [49506.5, 49506.5, 49506.5, 49506.5, 49506.5, 49506.5], "46": [32627.0, 32627.0, 32627.0, 32627.0, 32627.0, 32627.0], "47": [22987.5, 22987.5, 22987.5, 22987.5, 22987.5, 22987.5], "48": [160970.5, 160520.5, 160520.5, 160520.5, 160520.5, 160520.5], "49": [84693.0, 85188.0, 84693.0, 84693.0, 84693.0, 84693.0], "50": [237710.0, 237710.0, 237710.0, 237710.0, 238058.0, 238058.0], "51": [148204.5, 148204.5, 148204.5, 148507.5, 148507.5, 148507.5], "52": [83050.0, 83050.0, 83050.0, 83050.0, 83050.0, 83050.0], "53": [131053.0, 131860.0, 131860.0, 131374.0, 131374.0, 131053.0], "54": [5109.0, 5109.0, 5109.0, 5109.0, 5109.0, 5109.0], "55": [112948.5, 112948.5, 112948.5, 113431.5, 113431.5, 113431.5], "56": [89328.5, 89328.5, 89328.5, 89328.5, 89328.5, 89328.5], "57": [109390.0, 110140.0, 109682.0, 109682.0, 109682.0, 108932.0], "58": [83605.0, 83605.0, 83605.0, 83605.0, 83605.0, 83605.0], "59": [39402.0, 39652.0, 39652.0, 39652.0, 39652.0, 39652.0], "60": [118038.0, 118038.0, 117580.0, 117580.0, 117580.0, 117580.0], "61": [168169.5, 168169.5, 168169.5, 168169.5, 168169.5, 168169.5], "62": [80221.0, 80221.0, 80221.0, 80221.0, 80221.0, 80221.0], "63": [120803.0, 121278.0, 121278.0, 120803.0, 120803.0, 120803.0], "64": [62729.0, 62729.0, 62729.0, 62729.0, 62729.0, 62729.0], "65": [58567.0, 58567.0, 58567.0, 58567.0, 58567.0, 58567.0], "66": [249081.5, 250395.0, 249951.0, 249789.5, 249789.5, 249789.5], "67": [127025.0, 127025.0, 127660.0, 127660.0, 127660.0, 127660.0], "68": [59055.0, 58554.0, 58554.0, 58554.0, 58554.0, 58753.0], "69": [94351.5, 94158.5, 94158.5, 94158.5, 94158.5, 94834.5], "70": [23559.0, 23559.0, 23559.0, 23559.0, 23559.0, 23559.0], "71": [30641.0, 30641.0, 30641.0, 30641.0, 30641.0, 30641.0], "72": [23395.0, 23395.0, 23395.0, 23395.0, 23395.0, 23395.0], "73": [13374.0, 13374.0, 13374.0, 13374.0, 13374.0, 13374.0], "74": [0.0, 0.0, 0.0, 0.0, 0.0, 0.0], "75": [88150.0, 88150.0, 88150.0, 88004.5, 88004.5, 88004.5], "76": [62881.5, 62881.5, 62881.5, 62881.5, 62881.5, 62881.5], "77": [30494.0, 30494.0, 30494.0, 30494.0, 30494.0, 30494.0], "78": [146097.0, 145422.0, 145422.0, 145422.0, 145088.0, 145088.0], "79": [231440.5, 231440.5, 231440.5, 232396.5, 231702.5, 231702.5], "80": [147585.0, 147194.0, 147194.0, 147194.0, 147194.0, 147194.0], "81": [18280.0, 18280.0, 18280.0, 18280.0, 18280.0, 18280.0], "82": [6108.5, 6108.5, 6108.5, 6108.5, 6108.5, 6108.5], "83": [60417.0, 60417.0, 60417.0, 60417.0, 60417.0, 60417.0], "84": [208998.5, 208998.5, 208998.5, 208998.5, 208998.5, 210722.5], "85": [13798.0, 13798.0, 13798.0, 13798.0, 13798.0, 13798.0], "86": [141077.5, 141077.5, 141077.5, 141077.5, 141077.5, 141077.5], "87": [130845.0, 130845.0, 130845.0, 130845.0, 130845.0, 130845.0], "88": [10129.0, 10129.0, 10129.0, 10129.0, 10129.0, 10129.0], "89": [113591.0, 112794.0, 111715.0, 111715.0, 111715.0, 111715.0], "90": [80548.0, 79668.0, 79668.0, 79668.0, 79668.0, 79668.0], "91": [66219.0, 66219.0, 66219.0, 66219.0, 66219.0, 66219.0], "92": [10026.0, 10425.0, 10425.0, 10425.0, 10425.0, 10425.0], "93": [6464.0, 6464.0, 6464.0, 6464.0, 6464.0, 6464.0], "94": [18812.0, 18812.0, 18812.0, 18812.0, 18812.0, 18812.0], "95": [98057.0, 98057.0, 98057.0, 98057.0, 98057.0, 98057.0], "96": [36099.0, 36099.0, 36099.0, 36099.0, 36099.0, 36099.0], "97": [97626.5, 97626.5, 97141.5, 97141.5, 97141.5, 97141.5], "98": [99656.0, 99656.0, 99656.0, 99656.0, 99656.0, 99656.0], "99": [28346.0, 28346.0, 28346.0, 28346.0, 28346.0, 28346.0], "100": [33095.0, 33095.0, 33095.0, 33095.0, 33095.0, 33095.0], "101": [40207.0, 40207.0, 40207.0, 40207.0, 40207.0, 40207.0], "102": [71010.5, 71010.5, 71010.5, 71010.5, 71010.5, 71010.5], "103": [159938.0, 159649.0, 158765.0, 158765.0, 158375.0, 158375.0], "104": [24304.5, 24304.5, 24304.5, 24304.5, 24304.5, 24304.5], "105": [51859.0, 51859.0, 51859.0, 51859.0, 51859.0, 51859.0], "106": [6534.0, 6534.0, 6534.0, 6534.0, 6534.0, 6534.0], "107": [2429.0, 2429.0, 2429.0, 2429.0, 2429.0, 2429.0], "108": [11385.0, 11385.0, 11385.0, 11385.0, 11385.0, 11385.0], "109": [33493.0, 33493.0, 33493.0, 33493.0, 33761.0, 33761.0], "110": [22853.0, 22853.0, 22853.0, 22853.0, 22853.0, 22853.0], "111": [106090.5, 106090.5, 106090.5, 106090.5, 106090.5, 106090.5], "112": [620.0, 620.0, 620.0, 620.0, 620.0, 620.0], "113": [33980.0, 33980.0, 33980.0, 33980.0, 33980.0, 33980.0], "114": [117335.0, 117335.0, 117335.0, 117335.0, 117335.0, 117335.0], "115": [65359.5, 65359.5, 65359.5, 65359.5, 65359.5, 65359.5], "116": [7954.0, 7954.0, 7954.0, 7954.0, 7954.0, 7954.0], "117": [30414.5, 30414.5, 30414.5, 30414.5, 30414.5, 30414.5], "118": [6917.0, 6917.0, 6917.0, 6917.0, 6917.0, 6917.0], "119": [35181.0, 35181.0, 35181.0, 35181.0, 35181.0, 35181.0],