{"0": [961395.5, 960950.5, 978119.5, 975876.5, 973984.5, 972756.5], "1": [755822.5, 756321.5, 756321.5, 756321.5, 777202.5, 776754.5], "2": [1406768.5, 1388556.5, 1384049.5, 1380541.5, 1375723.5, 1372447.0], "3": [80237.0, 80237.0, 80237.0, 80237.0, 80237.0, 80237.0], "4": [2016650.8333333335, 2002357.8333333335, 1993859.8333333335, 1988544.8333333335, 1986124.8333333335, 1981946.8333333335], "5": [73701.0, 73701.0, 73701.0, 73701.0, 73701.0, 73701.0], "6": [957408.0, 954884.0, 954884.0, 954884.0, 954884.0, 965263.5], "7": [778033.5, 777099.5, 776632.5, 788431.0, 786425.5, 784774.5], "8": [1263457.0, 1299165.0, 1296590.0, 1294132.0, 1288080.0, 1284885.0], "9": [689040.1666666667, 688673.1666666667, 688209.1666666667, 687748.1666666667, 686724.1666666667, 686724.1666666667], "10": [1129229.5, 1128774.5, 1128423.5, 1128423.5, 1126177.5, 1126177.5], "11": [459473.0, 458798.0, 458798.0, 458798.0, 458798.0, 458798.0], "12": [46904.0, 46904.0, 46904.0, 46904.0, 46904.0, 46904.0], "13": [108946.5, 109390.5, 109390.5, 109390.5, 109390.5, 109390.5], "14": [479718.5, 478323.5, 478323.5, 478323.5, 477635.5, 477635.5], "15": [593328.0, 593823.0, 593453.0, 593036.0, 593036.0, 594146.0], "16": [429408.0, 428983.0, 427596.0, 427596.0, 427596.0, 427195.0], "17": [354155.5, 354147.5, 354147.5, 354147.5, 354147.5, 353712.5], "18": [389562.0, 389562.0, 389562.0, 389562.0, 389870.0, 389870.0], "19": [506474.0, 505721.0, 505721.0, 505426.0, 505426.0, 505856.0], "20": [677316.6666666666, 676880.6666666666, 676466.6666666666, 676466.6666666666, 676891.6666666666, 676891.6666666666], "21": [91323.0, 91323.0, 91323.0, 91323.0, 91323.0, 91323.0], "22": [217313.0, 216858.0, 216858.0, 216858.0, 216858.0, 216502.0], "23": [55710.5, 55710.5, 55218.5, 55218.5, 55218.5, 55218.5], "24": [311287.3333333333, 310828.3333333333, 310828.3333333333, 310828.3333333333, 310828.3333333333, 311111.3333333333], "25": [194070.0, 194070.0, 194070.0, 194070.0, 194070.0, 193890.0], "26": [331166.0, 330767.0, 328808.0, 328808.0, 328039.0, 327585.0], "27": [529452.0, 529452.0, 529452.0, 529452.0, 529452.0, 529452.0], "28": [214297.0, 213886.0, 213038.0, 213038.0, 213038.0, 213038.0], "29": [191780.5, 191780.5, 191780.5, 191780.5, 191780.5, 191780.5], "30": [227926.0, 227708.0, 228959.0, 228490.0, 228490.0, 228490.0], "31": [158438.0, 158438.0, 158438.0, 158438.0, 158389.0, 158114.0], "32": [91772.5, 92177.5, 92177.5, 91772.5, 91772.5, 91772.5], "33": [42002.0, 41252.0, 41252.0, 41252.0, 41252.0, 41252.0], "34": [253527.0, 251434.0, 251022.0, 251022.0, 250804.0, 250804.0], "35": [53475.0, 53475.0, 53475.0, 53475.0, 53475.0, 53475.0], "36": [171428.5, 171428.5, 171428.5, 171428.5, 171428.5, 171428.5], "37": [128634.0, 128634.0, 128634.0, 128634.0, 128634.0, 128634.0], "38": [15660.0, 15660.0, 15660.0, 15660.0, 15660.0, 15660.0], "39": [293367.0, 292508.0, 292224.0, 292224.0, 292224.0, 292224.0], "40": [636494.0, 636494.0, 636494.0, 637178.0, 637178.0, 636789.0], "41": [447283.5, 447283.5, 447283.5, 447283.5, 446843.5, 446843.5], "42": [123367.0, 123367.0, 123367.0, 123367.0, 123367.0, 123367.0], "43": [406481.5, 406019.5, 405675.5, 405675.5, 405675.5, 405675.5], "44": [576523.5, 576281.5, 576281.5, 576281.5, 575223.5, 575223.5], "45": [49506.5, 49506.5, 49506.5, 49506.5, 49506.5, 49506.5], "46": [32627.0, 32627.0, 32627.0, 32627.0, 32627.0, 32627.0], "47": [22987.5, 22987.5, 22987.5, 22987.5, 22427.5, 22427.5], "48": [160970.5, 160739.5, 160520.5, 160520.5, 158226.5, 158226.5], "49": [84693.0, 84693.0, 84693.0, 84693.0, 84693.0, 84693.0], "50": [237710.0, 237710.0, 238539.0, 238539.0, 238058.0, 238058.0], "51": [148204.5, 148204.5, 148204.5, 148204.5, 148204.5, 148507.5], "52": [83050.0, 83050.0, 83050.0, 83050.0, 83762.0, 83762.0], "53": [131053.0, 131539.0, 131539.0, 131539.0, 130613.0, 130127.0], "54": [5109.0, 5109.0, 5109.0, 5109.0, 5109.0, 5109.0], "55": [112948.5, 112948.5, 112948.5, 112948.5, 112551.5, 113034.5], "56": [89328.5, 89328.5, 89328.5, 89126.5, 89126.5, 89126.5], "57": [109390.0, 108932.0, 108932.0, 108932.0, 108932.0, 108932.0], "58": [83605.0, 83605.0, 83605.0, 83605.0, 83605.0, 83605.0], "59": [39402.0, 39402.0, 39402.0, 39402.0, 39402.0, 39402.0], "60": [118038.0, 117580.0, 117580.0, 117174.0, 117174.0, 117174.0], "61": [168169.5, 168169.5, 168169.5, 168169.5, 168169.5, 168169.5], "62": [80221.0, 80221.0, 80221.0, 80221.0, 80221.0, 80221.0], "63": [120803.0, 121278.0, 120803.0, 120803.0, 121278.0, 121278.0], "64": [62729.0, 62729.0, 62729.0, 62729.0, 62729.0, 62729.0], "65": [58567.0, 58567.0, 58567.0, 58701.5, 58567.0, 58567.0], "66": [249081.5, 249081.5, 249789.5, 249789.5, 249789.5, 249789.5], "67": [127025.0, 127660.0, 127660.0, 127660.0, 127660.0, 127660.0], "68": [59055.0, 59055.0, 58753.0, 58753.0, 58753.0, 58753.0], "69": [94351.5, 94158.5, 94158.5, 94158.5, 94834.5, 94834.5], "70": [23559.0, 23559.0, 23559.0, 23559.0, 23559.0, 23559.0], "71": [30641.0, 30641.0, 30641.0, 30641.0, 30365.0, 30365.0], "72": [23395.0, 23395.0, 23395.0, 23395.0, 23395.0, 23395.0], "73": [13374.0, 13374.0, 13374.0, 13374.0, 13374.0, 13374.0], "74": [0.0, 0.0, 0.0, 0.0, 0.0, 0.0], "75": [88150.0, 88150.0, 88150.0, 88150.0, 88150.0, 88004.5], "76": [62881.5, 62881.5, 62881.5, 62881.5, 62881.5, 62881.5], "77": [30494.0, 30494.0, 30494.0, 30494.0, 30494.0, 30494.0], "78": [146097.0, 145422.0, 145088.0, 145088.0, 145088.0, 145088.0], "79": [231440.5, 231440.5, 231440.5, 231440.5, 231440.5, 231702.5], "80": [147585.0, 147585.0, 147585.0, 147194.0, 147194.0, 147194.0], "81": [18280.0, 18280.0, 18280.0, 18280.0, 18280.0, 18280.0], "82": [6108.5, 6108.5, 6108.5, 6108.5, 6108.5, 6108.5], "83": [60417.0, 60417.0, 60417.0, 60417.0, 60417.0, 60417.0], "84": [208998.5, 208998.5, 208998.5, 208998.5, 208998.5, 208998.5], "85": [13798.0, 13798.0, 13798.0, 13798.0, 13798.0, 13798.0], "86": [141077.5, 141077.5, 141077.5, 141077.5, 141077.5, 141077.5], "87": [130845.0, 130845.0, 130845.0, 130845.0, 130845.0, 130845.0], "88": [10129.0, 10129.0, 10129.0, 10129.0, 10129.0, 10129.0], "89": [113591.0, 111715.0, 111715.0, 111715.0, 111715.0, 111715.0], "90": [80548.0, 80548.0, 80109.0, 80109.0, 80109.0, 80109.0], "91": [66219.0, 66219.0, 66219.0, 66219.0, 66219.0, 66219.0], "92": [10026.0, 10026.0, 10026.0, 10026.0, 10026.0, 10026.0], "93": [6464.0, 6464.0, 6464.0, 6464.0, 6464.0, 6464.0], "94": [18812.0, 18812.0, 18812.0, 18812.0, 18812.0, 18812.0], "95": [98057.0, 98057.0, 98057.0, 98057.0, 98057.0, 98057.0], "96": [36099.0, 36099.0, 36099.0, 36099.0, 36099.0, 36099.0], "97": [97626.5, 97141.5, 97141.5, 97141.5, 97141.5, 97141.5], "98": [99656.0, 99656.0, 99656.0, 99656.0, 99656.0, 99656.0], "99": [28346.0, 28346.0, 28346.0, 28346.0, 28346.0, 28346.0], "100": [33095.0, 33095.0, 33095.0, 33095.0, 33095.0, 33095.0], "101": [40207.0, 40207.0, 40207.0, 40207.0, 40207.0, 40207.0], "102": [71010.5, 71010.5, 71010.5, 71010.5, 71010.5, 71010.5], "103": [159938.0, 159054.0, 158664.0, 158375.0, 158375.0, 158375.0], "104": [24304.5, 24304.5, 24304.5, 24304.5, 24225.5, 24225.5], "105": [51859.0, 51859.0, 51859.0, 51859.0, 51859.0, 51859.0], "106": [6534.0, 6534.0, 6534.0, 6534.0, 6534.0, 6534.0], "107": [2429.0, 2429.0, 2429.0, 2429.0, 2429.0, 2429.0], "108": [11385.0, 11385.0, 11385.0, 11385.0, 11385.0, 11385.0], "109": [33493.0, 33493.0, 33761.0, 33761.0, 33493.0, 33493.0], "110": [22853.0, 22853.0, 22853.0, 22853.0, 22853.0, 22853.0], "111": [106090.5, 106090.5, 106090.5, 106535.5, 106912.5, 106912.5], "112": [620.0, 620.0, 620.0, 620.0, 620.0, 620.0], "113": [33980.0, 33980.0, 33980.0, 33980.0, 33980.0, 33980.0], "114": [117335.0, 117335.0, 117335.0, 117335.0, 117335.0, 117335.0], "115": [65359.5, 65359.5, 65359.5, 65359.5, 65359.5, 65359.5], "116": [7954.0, 7954.0, 7954.0, 7954.0, 7954.0, 7954.0], "117": [30414.5, 30414.5, 30414.5, 30414.5, 30414.5, 30414.5], "118": [6917.0, 6917.0, 6917.0, 6917.0, 6917.0, 6917.0], "119": [35181.0, 35181.0, 35181.0, 35181.0, 35181.0, 35181.0],