{"0": [961395.5, 961015.5, 961015.5, 959530.5, 959530.5, 959530.5], "1": [755822.5, 752737.5, 748085.5, 744844.5, 743990.5, 742138.5], "2": [1406768.5, 1417853.5, 1439562.5, 1453401.0, 1452250.5, 1460358.5], "3": [80237.0, 80237.0, 79144.0, 79144.0, 79144.0, 77089.0], "4": [2016650.8333333335, 2073890.8333333335, 2116122.8333333335, 2158317.8333333335, 2197501.8333333335, 2178914.8333333335], "5": [73701.0, 73701.0, 73701.0, 72707.0, 72707.0, 72707.0], "6": [957408.0, 959943.0, 961008.0, 959561.0, 959797.0, 959087.0], "7": [778033.5, 770311.5, 771362.5, 731327.5, 730542.5, 730542.5], "8": [1263457.0, 1263893.0, 1263153.0, 1262736.0, 1258452.0, 1257552.0], "9": [689040.1666666667, 688083.1666666667, 688521.1666666667, 688959.1666666667, 688527.1666666667, 688527.1666666667], "10": [1129229.5, 1127960.5, 1124627.5, 1121465.5, 1115550.5, 1113534.5], "11": [459473.0, 459031.0, 457693.0, 456442.0, 451282.0, 451282.0], "12": [46904.0, 47155.0, 47155.0, 47406.0, 47406.0, 47406.0], "13": [108946.5, 108946.5, 108946.5, 108946.5, 108946.5, 108946.5], "14": [479718.5, 477766.5, 476834.5, 476834.5, 476508.5, 475534.5], "15": [593328.0, 591621.0, 589581.0, 590259.0, 590097.0, 590097.0], "16": [429408.0, 428889.0, 429760.0, 427731.0, 426170.0, 423969.0], "17": [354155.5, 354155.5, 353683.5, 353683.5, 351871.5, 351871.5], "18": [389562.0, 388110.0, 388110.0, 362082.0, 358634.0, 353442.0], "19": [506474.0, 505004.0, 499836.0, 499554.0, 500148.0, 500148.0], "20": [677316.6666666666, 677222.6666666666, 675197.6666666666, 673814.6666666666, 673759.6666666666, 673759.6666666666], "21": [91323.0, 91323.0, 91323.0, 91323.0, 91323.0, 91323.0], "22": [217313.0, 218029.0, 218125.0, 218483.0, 217573.0, 217573.0], "23": [55710.5, 55667.5, 56116.5, 56565.5, 57014.5, 57014.5], "24": [311287.3333333333, 311287.3333333333, 308353.3333333333, 307894.3333333333, 307894.3333333333, 307894.3333333333], "25": [194070.0, 194070.0, 194070.0, 193433.0, 193433.0, 193041.0], "26": [331166.0, 331796.0, 332216.0, 332785.0, 332594.0, 332909.0], "27": [529452.0, 530083.0, 527051.0, 527767.0, 528556.0, 529118.0], "28": [214297.0, 214297.0, 213445.0, 213445.0, 213445.0, 213445.0], "29": [191780.5, 191780.5, 191780.5, 191780.5, 191780.5, 191780.5], "30": [227926.0, 228185.0, 228185.0, 228185.0, 227027.0, 227027.0], "31": [158438.0, 158438.0, 158438.0, 158438.0, 158007.0, 158007.0], "32": [91772.5, 91310.5, 91310.5, 90370.5, 90370.5, 89853.5], "33": [42002.0, 42349.0, 42309.0, 42309.0, 41656.0, 41656.0], "34": [253527.0, 252152.0, 252574.0, 252574.0, 251854.0, 251438.0], "35": [53475.0, 53475.0, 53475.0, 41592.5, 41592.5, 41592.5], "36": [171428.5, 171428.5, 171428.5, 171428.5, 171428.5, 171428.5], "37": [128634.0, 128634.0, 127311.0, 127311.0, 121006.0, 121006.0], "38": [15660.0, 15660.0, 15660.0, 15660.0, 15660.0, 15660.0], "39": [293367.0, 294108.0, 293882.0, 293882.0, 293419.0, 292962.0], "40": [636494.0, 624442.0, 623766.0, 623284.0, 617641.0, 617641.0], "41": [447283.5, 416839.5, 416839.5, 416384.5, 415951.5, 415446.5], "42": [123367.0, 122947.0, 122947.0, 122947.0, 120370.0, 120370.0], "43": [406481.5, 406019.5, 405274.5, 405274.5, 404837.5, 404837.5], "44": [576523.5, 576961.5, 527530.5, 529315.5, 529672.5, 529275.5], "45": [49506.5, 49506.5, 48334.5, 42325.0, 42325.0, 42325.0], "46": [32627.0, 32627.0, 32627.0, 31871.0, 31871.0, 31871.0], "47": [22987.5, 22987.5, 22987.5, 22987.5, 22663.5, 22663.5], "48": [160970.5, 160970.5, 160970.5, 160524.5, 160524.5, 160524.5], "49": [84693.0, 84693.0, 84251.0, 84746.0, 84746.0, 84746.0], "50": [237710.0, 237372.0, 237372.0, 236020.0, 236020.0, 236020.0], "51": [148204.5, 147536.5, 147702.0, 147702.0, 147702.0, 147702.0], "52": [83050.0, 83050.0, 60266.0, 59636.0, 59636.0, 59636.0], "53": [131053.0, 131053.0, 130692.0, 130692.0, 130177.0, 130177.0], "54": [5109.0, 5109.0, 5109.0, 4921.0, 4921.0, 4921.0], "55": [112948.5, 112730.5, 112730.5, 112730.5, 112730.5, 112730.5], "56": [89328.5, 88780.5, 89073.5, 89431.5, 88959.5, 88959.5], "57": [109390.0, 109390.0, 95515.0, 90730.0, 90730.0, 90730.0], "58": [83605.0, 83306.0, 82514.0, 82514.0, 81582.0, 81582.0], "59": [39402.0, 39267.0, 39397.0, 39397.0, 39393.0, 39389.0], "60": [118038.0, 112760.0, 112760.0, 112760.0, 112760.0, 107544.0], "61": [168169.5, 167676.5, 167676.5, 167676.5, 167676.5, 167676.5], "62": [80221.0, 80221.0, 80221.0, 79657.0, 79657.0, 79657.0], "63": [120803.0, 114723.0, 114556.0, 114556.0, 114556.0, 114556.0], "64": [62729.0, 62729.0, 62729.0, 61424.0, 61424.0, 61424.0], "65": [58567.0, 58567.0, 58567.0, 58567.0, 58567.0, 58567.0], "66": [249081.5, 248634.5, 248634.5, 247894.5, 247569.5, 247199.5], "67": [127025.0, 126769.0, 126769.0, 126513.0, 107842.0, 107842.0], "68": [59055.0, 59055.0, 59055.0, 59055.0, 59055.0, 59055.0], "69": [94351.5, 94351.5, 94351.5, 94106.5, 94106.5, 94106.5], "70": [23559.0, 23559.0, 23559.0, 23559.0, 23559.0, 23559.0], "71": [30641.0, 29827.0, 29506.0, 29782.0, 30058.0, 30058.0], "72": [23395.0, 23395.0, 22863.0, 22863.0, 22863.0, 22863.0], "73": [13374.0, 13374.0, 13374.0, 13374.0, 13374.0, 13374.0], "74": [0.0, 0.0, 0.0, 0.0, 0.0, 0.0], "75": [88150.0, 88150.0, 88150.0, 87558.5, 87558.5, 87558.5], "76": [62881.5, 62881.5, 62881.5, 62881.5, 62881.5, 62881.5], "77": [30494.0, 30195.0, 30496.0, 30496.0, 29898.0, 29898.0], "78": [146097.0, 144902.0, 142638.0, 142170.0, 142170.0, 142170.0], "79": [231440.5, 231440.5, 231702.5, 231702.5, 230302.5, 230302.5], "80": [147585.0, 147585.0, 147585.0, 147585.0, 147585.0, 147585.0], "81": [18280.0, 18280.0, 17889.0, 17889.0, 17588.0, 17588.0], "82": [6108.5, 6108.5, 6108.5, 6108.5, 6108.5, 6108.5], "83": [60417.0, 59715.0, 59715.0, 59457.0, 59457.0, 59457.0], "84": [208998.5, 209177.5, 208819.5, 208998.5, 208347.5, 208347.5], "85": [13798.0, 13798.0, 13798.0, 13798.0, 13798.0, 13798.0], "86": [141077.5, 141514.5, 141514.5, 141176.0, 141176.0, 141176.0], "87": [130845.0, 130845.0, 130845.0, 130845.0, 130845.0, 130845.0], "88": [10129.0, 8241.0, 8241.0, 8241.0, 8241.0, 8241.0], "89": [113591.0, 112508.0, 112508.0, 112508.0, 112508.0, 112508.0], "90": [80548.0, 80480.0, 80824.0, 81512.0, 81856.0, 81856.0], "91": [66219.0, 63146.0, 62364.0, 62364.0, 62364.0, 62364.0], "92": [10026.0, 10026.0, 10026.0, 10026.0, 10026.0, 10026.0], "93": [6464.0, 6464.0, 6464.0, 6464.0, 6464.0, 6464.0], "94": [18812.0, 18812.0, 18812.0, 18812.0, 18812.0, 18812.0], "95": [98057.0, 98057.0, 97954.0, 97248.0, 97248.0, 96895.0], "96": [36099.0, 36487.0, 36875.0, 36467.0, 37243.0, 37243.0], "97": [97626.5, 97185.5, 97185.5, 96699.5, 77011.0, 76039.0], "98": [99656.0, 99277.0, 99277.0, 99277.0, 95110.0, 95110.0], "99": [28346.0, 28346.0, 27479.0, 27479.0, 27544.0, 27544.0], "100": [33095.0, 33095.0, 33095.0, 33095.0, 33095.0, 33095.0], "101": [40207.0, 40207.0, 40221.0, 40221.0, 33392.0, 33392.0], "102": [71010.5, 70806.5, 70806.5, 69956.5, 69956.5, 69956.5], "103": [159938.0, 152180.0, 152180.0, 152180.0, 152180.0, 152180.0], "104": [24304.5, 24462.5, 24699.5, 24857.5, 25094.5, 25094.5], "105": [51859.0, 51859.0, 51859.0, 51859.0, 48185.5, 48185.5], "106": [6534.0, 6534.0, 6534.0, 6534.0, 6534.0, 6534.0], "107": [2429.0, 2429.0, 2429.0, 2429.0, 2429.0, 2429.0], "108": [11385.0, 11385.0, 11385.0, 11385.0, 11385.0, 11385.0], "109": [33493.0, 33493.0, 33493.0, 33493.0, 33493.0, 33493.0], "110": [22853.0, 21923.0, 21923.0, 21923.0, 21923.0, 21923.0], "111": [106090.5, 76405.5, 75651.5, 75228.5, 74361.5, 73940.5], "112": [620.0, 620.0, 620.0, 620.0, 620.0, 620.0], "113": [33980.0, 33980.0, 33980.0, 33980.0, 33980.0, 33980.0], "114": [117335.0, 116884.0, 117391.0, 117391.0, 116779.0, 116779.0], "115": [65359.5, 65359.5, 64690.5, 65052.5, 65052.5, 65052.5], "116": [7954.0, 7471.0, 7471.0, 7471.0, 7471.0, 7471.0], "117": [30414.5, 30414.5, 29497.0, 29497.0, 29497.0, 29497.0], "118": [6917.0, 6917.0, 6917.0, 6917.0, 6917.0, 6917.0], "119": [35181.0, 35181.0, 35181.0, 35181.0, 35181.0, 35181.0],