{"0": [286207.0, 287037.0, 179435.5, 178121.5, 84750.5, 84056.5, 56894.0, 54116.0, 17400.5, 17492.5, 13809.0], "1": [0.0, 0.0, 0.0, 94.0, 0.0, 0.0, 0.0, 0.0, 0.0, 0.0, 0.0], "2": [25693.0, 25396.0, 22903.0, 22903.0, 19806.0, 19806.0, 4255.0, 4255.0, 3655.5, 3770.5, 2356.5], "3": [243778.5, 243778.5, 73112.0, 73112.0, 63365.5, 63111.5, 16092.5, 16092.5, 19877.0, 19277.0, 5769.0], "4": [20530.5, 20530.5, 16025.0, 16328.0, 2519.0, 2519.0, 3188.0, 3188.0, 2487.5, 2569.5, 1842.0], "5": [50881.0, 50881.0, 35604.0, 35604.0, 7181.5, 7181.5, 6701.5, 6701.5, 6953.0, 7112.0, 3679.0], "6": [157940.0, 157940.0, 50043.0, 49782.0, 48420.0, 48238.0, 18081.0, 18081.0, 15215.0, 14984.5, 4697.0], "7": [227754.0, 226807.0, 178702.5, 165024.5, 37717.0, 37717.0, 46013.0, 46013.0, 21512.0, 21439.0, 4275.0], "8": [149057.0, 142545.0, 54611.0, 54262.0, 64346.0, 64189.0, 10756.5, 10756.5, 18640.5, 19902.5, 4243.0], "9": [77667.0, 77037.0, 61778.0, 60955.0, 29708.0, 29708.0, 9909.0, 9909.0, 11480.5, 11691.5, 3141.0], "10": [115637.0, 115637.0, 55109.0, 52479.0, 43162.5, 41829.5, 15496.0, 15384.0, 6914.0, 7149.0, 4232.5], "11": [178924.0, 175626.0, 122917.0, 122602.0, 24826.0, 24826.0, 49128.0, 49128.0, 5212.5, 4640.0, 10036.0], "12": [88279.0, 85315.0, 47004.0, 46659.0, 28727.0, 28158.0, 17475.5, 17475.5, 9076.5, 9602.166666666666, 3001.5], "13": [156003.0, 164916.0, 98335.0, 98764.0, 47371.0, 47123.0, 29345.0, 28964.0, 13324.5, 12609.5, 10237.5], "14": [17598.0, 17598.0, 12949.0, 12949.0, 959.0, 959.0, 1518.0, 1518.0, 234.0, 234.0, 124.0], "15": [68236.0, 68835.0, 7770.0, 7770.0, 10597.0, 10859.0, 5270.0, 5270.0, 5525.5, 5484.5, 1789.5], "16": [50575.0, 50085.0, 27386.0, 27119.0, 16797.0, 16600.0, 3170.0, 3170.0, 5002.0, 4843.0, 1237.0], "17": [0.0, 0.0, 0.0, 0.0, 25.0, 25.0, 0.0, 0.0, 0.0, 0.0, 0.0], "18": [5452.0, 5452.0, 7019.0, 7019.0, 4866.0, 4866.0, 2773.0, 2773.0, 739.0, 739.0, 845.0], "19": [36683.0, 31451.0, 24731.5, 25332.5, 8688.0, 8688.0, 7761.0, 7761.0, 2004.0, 1898.0, 775.0], "20": [29762.0, 29762.0, 34721.0, 34721.0, 7622.0, 7622.0, 4047.0, 4047.0, 4635.5, 4557.833333333333, 1623.5], "21": [8437.0, 8437.0, 3307.0, 2978.0, 384.0, 384.0, 608.0, 608.0, 1172.0, 2757.333333333333, 1226.5], "22": [11089.5, 11089.5, 11907.0, 11880.0, 7078.0, 7078.0, 3332.0, 3332.0, 1724.0, 1724.0, 1294.0], "23": [56636.0, 56636.0, 13727.0, 13727.0, 9613.5, 9613.5, 2551.5, 2551.5, 3381.5, 3410.5, 821.5], "24": [13003.0, 13003.0, 7614.0, 7614.0, 5147.0, 5147.0, 3501.5, 3501.5, 1842.0, 1930.0, 50.5], "25": [31444.0, 30512.0, 13186.0, 7624.0, 20424.0, 21753.0, 1152.0, 1152.0, 8015.0, 7330.0, 795.0], "26": [105877.0, 99288.0, 50441.5, 51657.5, 35791.0, 35755.0, 8692.0, 8692.0, 4703.0, 4565.0, 7539.5], "27": [117318.0, 117318.0, 36618.0, 36618.0, 28882.0, 28882.0, 8525.0, 8525.0, 8336.0, 7862.166666666666, 3520.5], "28": [33669.0, 34449.0, 14656.0, 14656.0, 12041.0, 11782.0, 3733.0, 3733.0, 2698.0, 2605.0, 1109.0], "29": [53218.0, 53218.0, 29486.5, 29486.5, 9488.0, 9488.0, 11614.5, 11614.5, 3084.0, 3084.0, 4312.0], "30": [4914.0, 4914.0, 1273.0, 1273.0, 868.0, 651.0, 162.0, 162.0, 433.0, 433.0, 1071.0], "31": [5945.0, 5945.0, 5362.0, 5362.0, 1290.0, 1290.0, 14.0, 14.0, 208.0, 208.0, 116.0], "32": [3704.0, 3704.0, 7740.0, 7740.0, 2588.0, 2588.0, 0.0, 0.0, 118.0, 118.0, 18.0], "33": [0.0, 0.0, 283.0, 283.0, 246.0, 246.0, 230.0, 230.0, 6.5, 6.5, 30.0], "34": [6329.0, 6329.0, 870.0, 870.0, 283.0, 283.0, 573.0, 573.0, 72.0, 72.0, 178.5], "35": [3450.0, 3450.0, 1016.0, 1016.0, 1324.0, 1324.0, 0.0, 0.0, 0.0, 0.0, 0.0], "36": [2635.0, 2635.0, 0.0, 0.0, 126.0, 126.0, 515.5, 515.5, 261.0, 261.0, 388.0], "37": [9399.0, 9399.0, 11688.0, 11688.0, 237.0, 237.0, 490.0, 490.0, 656.0, 635.5, 1175.0], "38": [5903.0, 5903.0, 274.0, 274.0, 782.0, 782.0, 0.0, 1420.0, 2491.0, 990.9999999999998, 458.5], "39": [4398.0, 4398.0, 1611.0, 1611.0, 1632.0, 1849.0, 766.0, 766.0, 246.0, 181.0, 231.5], "40": [7930.0, 7930.0, 3296.0, 3296.0, 4389.0, 4389.0, 834.0, 834.0, 327.0, 327.0, 591.0], "41": [2463.0, 2463.0, 5588.0, 5588.0, 172.0, 172.0, 0.0, 0.0, 0.0, 0.0, 7.0], "42": [4749.0, 4749.0, 1494.0, 1494.0, 2200.0, 2200.0, 423.0, 423.0, 329.0, 329.0, 76.0], "43": [0.0, 0.0, 0.0, 0.0, 0.0, 0.0, 0.0, 0.0, 0.0, 0.0, 0.0], "44": [875.0, 875.0, 1086.0, 1086.0, 23.0, 23.0, 105.0, 105.0, 163.0, 163.0, 48.0], "45": [0.0, 0.0, 5572.0, 8260.0, 8303.0, 7976.0, 102.0, 102.0, 471.0, 387.0, 20.0], "46": [596.0, 596.0, 1260.0, 1260.0, 282.0, 282.0, 0.0, 0.0, 0.0, 0.0, 0.0], "47": [4533.0, 4533.0, 1133.0, 1133.0, 1565.0, 1565.0, 113.0, 113.0, 289.0, 289.0, 70.0], "48": [10279.0, 10279.0, 4739.0, 4739.0, 318.0, 318.0, 266.0, 266.0, 90.0, 90.0, 14.0], "49": [2898.0, 2898.0, 2572.0, 2572.0, 0.0, 0.0, 45.0, 45.0, 0.0, 0.0, 0.0], "50": [227.0, 6632.0, 1372.0, 15460.0, 4409.0, 6129.0, 20995.0, 21635.0, 1413.0, 1999.333333333333, 12813.0]}