{"0": [227512.5, 209378.5, 116414.0, 123233.0, 56340.5, 55563.5, 27040.0, 26769.0, 16196.0, 15757.0, 6380.666666666666], "1": [32455.0, 32036.0, 31631.0, 31631.0, 7320.0, 6405.0, 1331.0, 1331.0, 3266.5, 3266.5, 1270.6666666666665], "2": [11658.0, 11658.0, 3398.0, 3398.0, 735.0, 735.0, 762.0, 762.0, 389.83333333333337, 389.83333333333337, 65.0], "3": [24299.0, 24299.0, 23808.0, 23808.0, 14730.5, 14597.5, 2586.0, 2586.0, 3570.0, 3482.0, 2317.0], "4": [12624.5, 12295.5, 8594.0, 8594.0, 8782.5, 8782.5, 2520.0, 2520.0, 2418.0, 636.0, 862.8333333333333], "5": [28113.0, 28113.0, 10654.0, 10654.0, 9746.0, 9746.0, 7494.0, 7494.0, 2268.5, 2276.5, 1057.0], "6": [112994.0, 113452.0, 57115.5, 56862.5, 22534.5, 22063.0, 17930.0, 17930.0, 3299.5, 3299.5, 5313.0], "7": [148559.5, 146536.5, 66390.0, 62463.0, 56016.0, 54856.0, 12324.5, 12324.5, 15810.5, 15415.0, 3289.8333333333335], "8": [17013.0, 16545.0, 14682.5, 14589.5, 7110.0, 7110.0, 5840.0, 5840.0, 1698.5, 1698.5, 1562.0833333333335], "9": [71551.5, 70257.5, 27791.0, 26435.0, 16929.5, 16928.5, 10782.0, 10308.0, 3936.333333333333, 3880.333333333333, 2399.0], "10": [23238.0, 23238.0, 9997.0, 9997.0, 6238.0, 6238.0, 4576.0, 4440.0, 2178.0, 2134.0, 666.6666666666667], "11": [73101.5, 73101.5, 44134.0, 41524.0, 20911.5, 20458.5, 13569.0, 13499.0, 3605.666666666667, 3695.666666666667, 4083.333333333333], "12": [65796.0, 65796.0, 46955.0, 46696.0, 15456.0, 15300.0, 14451.0, 14451.0, 3140.8333333333335, 3140.8333333333335, 4115.666666666667], "13": [29309.0, 29563.0, 13808.0, 13808.0, 7976.0, 7976.0, 4705.5, 4705.5, 2786.5, 2786.5, 1667.5], "14": [93399.0, 96819.0, 58700.0, 58526.0, 28852.5, 29033.5, 10655.0, 10711.0, 7991.0, 7699.0, 4127.166666666666], "15": [58903.0, 58539.0, 5542.0, 5542.0, 9246.0, 9246.0, 8013.5, 8013.5, 2863.0, 2827.0, 1194.0], "16": [17380.0, 17380.0, 12751.0, 12465.0, 6369.0, 6557.0, 7413.5, 7413.5, 2209.3333333333335, 2209.3333333333335, 1354.8333333333335], "17": [35075.0, 34557.0, 31142.0, 31248.0, 22149.0, 21991.0, 9555.0, 9555.0, 4710.0, 4847.5, 1941.1666666666665], "18": [5021.0, 4584.0, 30071.5, 29412.5, 3515.0, 3515.0, 3868.5, 3868.5, 2815.0, 2833.0, 470.33333333333337], "19": [48735.0, 51112.0, 66211.0, 62373.0, 16624.5, 15338.0, 10383.0, 10405.0, 4989.5, 5103.5, 2017.8333333333335], "20": [654.0, 456.0, 1612.0, 1612.0, 901.5, 901.5, 220.0, 220.0, 12.0, 12.0, 82.0], "21": [40695.5, 40188.5, 8302.0, 8302.0, 5226.5, 5554.5, 1670.0, 1670.0, 1573.5, 1573.5, 677.8333333333333], "22": [11622.0, 11622.0, 1402.0, 1402.0, 1243.0, 1243.0, 60.0, 60.0, 1120.6666666666665, 1120.6666666666665, 775.0833333333334], "23": [9682.0, 9682.0, 2850.0, 2850.0, 3178.0, 3178.0, 727.5, 727.5, 998.0, 949.0, 1110.1666666666667], "24": [9000.0, 9000.0, 4647.0, 3900.0, 729.0, 631.0, 1474.0, 1474.0, 138.0, 138.0, 258.9166666666667], "25": [288.0, 4190.0, 714.0, 714.0, 1102.0, 688.0, 249.0, 163.0, 545.5, 558.5, 14.0], "26": [1113.0, 1113.0, 5215.0, 5087.0, 1972.0, 1972.0, 757.0, 757.0, 179.5, 179.5, 295.66666666666663], "27": [36233.5, 36233.5, 13190.0, 13190.0, 5065.0, 5065.0, 6720.0, 6720.0, 2033.3333333333335, 1548.8333333333335, 1389.5], "28": [980.0, 980.0, 630.0, 630.0, 904.0, 805.0, 255.0, 255.0, 196.0, 196.0, 48.999999999999986], "29": [456.0, 456.0, 0.0, 800.0, 1271.0, 1209.0, 1667.5, 1458.5, 495.0, 810.0, 14.333333333333332], "30": [5713.0, 4481.0, 487.0, 487.0, 3616.0, 3506.0, 540.0, 540.0, 898.5, 898.5, 101.0], "31": [609.0, 609.0, 1128.0, 1128.0, 830.0, 3298.0, 1138.5, 1249.5, 862.5, 888.5, 696.0], "32": [7816.0, 7816.0, 2083.0, 2083.0, 2022.0, 2022.0, 125.0, 125.0, 189.0, 63.0, 38.5], "33": [4477.0, 4477.0, 1170.0, 1170.0, 1137.5, 1137.5, 580.0, 1096.0, 1147.0, 1466.0, 201.0], "34": [3638.0, 3638.0, 1291.0, 1291.0, 97.0, 97.0, 81.0, 81.0, 0.0, 163.5, 10.0], "35": [25080.0, 25080.0, 4573.0, 4573.0, 6402.0, 6586.0, 3647.0, 3647.0, 2294.5, 2294.5, 841.6666666666667], "36": [0.0, 0.0, 393.0, 393.0, 523.5, 523.5, 30.0, 30.0, 0.0, 0.0, 26.00000000000002], "37": [0.0, 0.0, 94.0, 94.0, 140.0, 140.0, 0.0, 0.0, 12.0, 12.0, 0.0], "38": [4994.0, 4994.0, 479.0, 479.0, 111.0, 111.0, 13.5, 13.5, 81.0, 81.0, 57.0], "39": [0.0, 0.0, 3246.0, 3246.0, 1040.0, 1208.0, 2378.0, 2378.0, 265.0, 265.0, 571.5], "40": [1100.0, 1100.0, 159.0, 159.0, 168.0, 168.0, 4.0, 4.0, 54.0, 54.0, 0.0], "41": [5752.0, 5251.0, 2209.5, 2209.5, 1267.0, 1267.0, 1828.0, 1828.0, 1377.0, 1377.0, 205.0], "42": [1850.0, 2049.0, 751.0, 819.0, 398.0, 398.0, 0.0, 0.0, 156.0, 128.0, 0.0], "43": [7773.5, 6689.5, 0.0, 0.0, 266.0, 114.0, 111.0, 111.0, 95.0, 80.0, 22.0], "44": [7753.0, 7753.0, 2493.0, 2493.0, 1657.0, 1657.0, 1458.0, 1458.0, 222.0, 222.0, 175.49999999999991], "45": [0.0, 0.0, 757.5, 757.5, 0.0, 0.0, 0.0, 0.0, 9.0, 9.0, 47.5], "46": [6044.0, 6044.0, 1658.0, 1731.0, 0.0, 0.0, 67.0, 67.0, 6.0, 6.0, 3.0], "47": [430.0, 430.0, 155.0, 155.0, 126.0, 126.0, 157.0, 157.0, 52.5, 52.5, 18.5], "48": [611.0, 611.0, 368.0, 368.0, 366.0, 366.0, 0.0, 0.0, 22.99999999999994, 22.99999999999994, 1.0], "49": [768.0, 768.0, 1642.0, 1642.0, 0.0, 0.0, 313.0, 313.0, 14.5, 14.5, 87.5], "50": [425.0, 4517.0, 3210.0, 6315.0, 1996.0, 3166.0, 1094.0, 1287.0, 1126.5, 2725.5, 482.5]}