{"0": [142512.0, 139262.0, 29194.0, 28532.0, 7605.0, 7082.0, 8485.5, 8507.5, 5567.0, 5604.0, 10355.083333333332], "1": [30920.0, 30490.0, 10681.0, 9917.0, 8153.0, 7871.0, 6165.0, 6042.0, 3347.0, 3347.0, 719.6666666666666], "2": [0.0, 1189.5, 0.0, 0.0, 0.0, 0.0, 0.0, 0.0, 0.0, 0.0, 0.0], "3": [12894.0, 12353.0, 7381.0, 7381.0, 2271.0, 2271.0, 502.0, 1979.5, 2694.5, 3242.5, 895.0], "4": [32010.0, 32872.0, 30996.5, 30675.5, 8854.666666666668, 8854.666666666668, 5410.0, 5332.0, 5964.5, 5940.5, 425.5], "5": [2506.0, 2826.0, 1419.0, 1419.0, 925.0, 925.0, 232.0, 232.0, 64.0, 64.0, 59.66666666666666], "6": [135945.0, 131697.0, 64897.0, 64453.0, 22525.0, 21213.0, 22353.0, 21253.5, 3976.0, 3922.0, 6704.916666666667], "7": [40761.0, 42052.0, 94105.0, 94105.0, 27120.0, 27120.0, 17814.0, 19059.0, 9996.0, 8211.0, 3785.8333333333335], "8": [9646.0, 9646.0, 25792.0, 25792.0, 22907.0, 22907.0, 5336.0, 5386.0, 7587.0, 6490.0, 1250.5], "9": [74278.0, 74446.0, 5410.0, 5410.0, 13098.5, 13098.5, 3439.5, 3235.5, 2910.0, 2951.0, 2264.833333333333], "10": [112143.0, 112225.0, 33118.5, 33118.5, 26341.5, 26341.5, 9253.0, 9253.0, 6539.5, 6503.5, 7034.0], "11": [81923.0, 79131.0, 60734.5, 60388.5, 38672.5, 38321.5, 19469.5, 19207.5, 5996.5, 5979.0, 3481.4999999999995], "12": [127894.0, 127594.0, 29563.5, 29563.5, 33047.0, 33047.0, 9790.0, 9753.5, 6324.0, 6290.0, 4416.166666666666], "13": [28913.0, 30421.0, 37048.0, 37048.0, 14816.5, 14816.5, 5247.0, 5247.0, 7667.5, 7651.5, 935.3333333333333], "14": [12456.0, 12456.0, 9106.0, 9106.0, 12403.5, 12403.5, 5074.5, 5142.0, 3066.5, 3135.5, 1106.75], "15": [20983.0, 20983.0, 7076.5, 7076.5, 4141.0, 4141.0, 6127.5, 6067.5, 765.5, 765.5, 889.5], "16": [6124.0, 6124.0, 4442.0, 4442.0, 9335.0, 9335.0, 838.5, 838.5, 895.5, 895.5, 716.6666666666667], "17": [80523.5, 79707.5, 80314.5, 80314.5, 36010.5, 35756.5, 20602.0, 20486.5, 9684.0, 9661.0, 3318.833333333333], "18": [17159.0, 17166.0, 1248.0, 1248.0, 5724.5, 5724.5, 2718.0, 2718.0, 426.0, 426.0, 189.0], "19": [38726.0, 37700.0, 13426.0, 13426.0, 8801.5, 9015.5, 5637.0, 5637.0, 2325.0, 2325.0, 2394.6666666666665], "20": [47915.5, 48460.5, 8898.0, 8898.0, 10062.0, 10062.0, 6140.5, 6140.5, 1691.0, 1475.0, 1702.8333333333333], "21": [11402.0, 11094.0, 1396.0, 1396.0, 2467.0, 2420.0, 509.0, 565.0, 117.0, 117.0, 63.0], "22": [45882.0, 47061.5, 35534.0, 35534.0, 6302.0, 6302.0, 5026.0, 4922.0, 3908.0, 4143.0, 696.0], "23": [12226.0, 12226.0, 7017.0, 7017.0, 8585.0, 8585.0, 13968.0, 13885.0, 692.0, 692.0, 2435.5], "24": [3519.0, 3465.0, 476.0, 476.0, 894.0, 894.0, 140.0, 140.0, 99.0, 87.0, 62.0], "25": [0.0, 0.0, 8.0, 8.0, 0.0, 0.0, 0.0, 0.0, 0.0, 0.0, 0.0], "26": [27915.0, 28124.0, 3353.0, 3353.0, 1134.0, 1191.0, 2252.5, 2196.5, 489.0, 489.0, 843.9166666666666], "27": [3135.0, 3135.0, 2707.0, 2979.0, 12290.0, 12290.0, 435.0, 173.0, 1370.5, 1612.5, 333.5], "28": [4168.0, 4168.0, 746.0, 746.0, 152.0, 152.0, 266.0, 266.0, 69.0, 69.0, 29.5], "29": [2749.0, 2495.0, 4477.5, 4477.5, 1077.3333333333333, 1077.3333333333333, 4084.0, 4040.0, 1430.5, 1430.5, 651.6666666666666], "30": [3811.0, 3811.0, 1034.0, 1034.0, 504.0, 504.0, 1469.0, 1469.0, 646.0, 646.0, 764.0], "31": [26226.0, 26226.0, 12426.0, 12426.0, 7575.666666666667, 7575.666666666667, 3390.0, 3390.0, 846.0, 846.0, 433.5], "32": [1526.0, 1526.0, 973.0, 973.0, 116.0, 984.0, 2336.0, 2151.0, 608.0, 708.0, 625.4999999999999], "33": [35794.5, 29453.5, 15433.0, 15433.0, 9518.0, 9518.0, 10150.5, 10220.5, 791.0, 791.0, 2113.5], "34": [3775.0, 3775.0, 1068.0, 1068.0, 326.0, 326.0, 317.0, 281.0, 498.0, 498.0, 43.0], "35": [2743.0, 2488.0, 5546.5, 5546.5, 315.0, 315.0, 212.5, 212.5, 820.0, 820.0, 218.0], "36": [8006.0, 8006.0, 5381.0, 5381.0, 1225.0, 1225.0, 1491.0, 1491.0, 702.5, 702.5, 112.5], "37": [2252.0, 2252.0, 351.0, 351.0, 0.0, 0.0, 115.0, 115.0, 18.0, 18.0, 0.0], "38": [6368.0, 6274.0, 2895.0, 2895.0, 560.0, 560.0, 3529.0, 3566.0, 2232.0, 2232.0, 567.6666666666667], "39": [4967.0, 4967.0, 1341.0, 1341.0, 232.0, 232.0, 140.0, 140.0, 115.5, 115.5, 204.0], "40": [4030.0, 2960.0, 5832.0, 5832.0, 278.0, 278.0, 240.0, 240.0, 154.0, 154.0, 94.0], "41": [736.0, 736.0, 1532.0, 1532.0, 0.0, 0.0, 48.0, 64.0, 196.0, 196.0, 64.49999999999997], "42": [11363.0, 10843.0, 2114.0, 2114.0, 2655.0, 2655.0, 78.0, 78.0, 131.0, 131.0, 0.0], "43": [2181.0, 2181.0, 314.0, 314.0, 1279.0, 1279.0, 1492.5, 1513.5, 481.5, 467.5, 167.5], "44": [2808.0, 2808.0, 3719.0, 3719.0, 1175.0, 1175.0, 212.0, 212.0, 214.5, 214.5, 195.0], "45": [0.0, 0.0, 0.0, 0.0, 289.0, 289.0, 68.0, 68.0, 53.0, 53.0, 0.0], "46": [7867.0, 7222.0, 14263.5, 14263.5, 6808.0, 6808.0, 1549.0, 1549.0, 2246.0, 2246.0, 533.3333333333334], "47": [4608.0, 4608.0, 2108.0, 2108.0, 462.0, 462.0, 101.0, 101.0, 111.0, 111.0, 161.66666666666663], "48": [0.0, 0.0, 0.0, 0.0, 39.0, 39.0, 0.0, 0.0, 0.0, 0.0, 0.0], "49": [4371.0, 4277.0, 0.0, 0.0, 509.0, 449.0, 0.0, 0.0, 0.0, 0.0, 0.0], "50": [0.0, 5481.0, 4437.0, 5147.0, 7615.5, 8062.5, 5084.0, 5228.0, 10046.0, 11142.0, 2492.0]}