{"0": [227512.5, 234194.0, 128244.0, 131612.0, 51576.0, 51007.0, 32029.0, 30654.0, 13030.0, 12752.0, 8219.666666666668], "1": [32455.0, 32455.0, 31255.0, 31449.0, 4936.5, 4936.5, 5202.5, 5140.5, 3244.6666666666665, 3178.6666666666665, 852.1666666666667], "2": [11658.0, 11658.0, 3536.0, 3483.0, 0.0, 0.0, 2287.0, 2314.0, 786.0, 786.0, 188.5], "3": [24299.0, 17289.0, 27074.0, 23660.0, 13754.0, 12843.0, 10595.0, 10687.0, 2979.5, 2953.5, 1206.6666666666667], "4": [12624.5, 12624.5, 7985.0, 7719.0, 6342.0, 6342.0, 2490.0, 2411.0, 865.0, 865.0, 1394.0], "5": [28113.0, 28113.0, 12494.0, 12309.0, 9089.0, 8962.0, 6466.0, 6466.0, 2338.5, 2316.0, 1238.8333333333335], "6": [112994.0, 112547.0, 60830.0, 56357.0, 24338.0, 23885.0, 15237.5, 15180.5, 6091.5, 6037.5, 3796.333333333333], "7": [148559.5, 146711.0, 64502.5, 64354.5, 59394.0, 59394.0, 17102.5, 17102.5, 8296.666666666668, 8244.666666666668, 6940.666666666667], "8": [17013.0, 17013.0, 14116.5, 13854.5, 10076.0, 10076.0, 4434.0, 4434.0, 2412.5, 2412.5, 931.5], "9": [71551.5, 66726.5, 28772.0, 28574.0, 12927.0, 13041.0, 6556.0, 6243.0, 4729.5, 4740.5, 1850.3333333333335], "10": [23238.0, 23238.0, 9441.0, 9257.0, 4374.5, 4305.5, 2261.5, 2261.5, 1668.0, 1668.0, 1613.1666666666665], "11": [73101.5, 73848.5, 39963.0, 40249.0, 18067.5, 17711.5, 13062.0, 13730.0, 2981.0, 2981.0, 2311.833333333333], "12": [65796.0, 61256.5, 36749.0, 36179.0, 13341.0, 13341.0, 14008.5, 13447.0, 5339.666666666667, 5273.666666666667, 1352.0], "13": [29309.0, 29309.0, 14596.0, 14596.0, 13998.0, 13788.0, 3782.0, 3849.0, 4601.333333333333, 4489.833333333333, 1900.0], "14": [93399.0, 93399.0, 59635.5, 59481.5, 32588.0, 32471.0, 9738.0, 9738.0, 9506.833333333334, 9331.833333333334, 3589.6666666666665], "15": [58903.0, 58592.0, 6629.0, 6629.0, 14401.0, 14443.0, 4335.0, 4335.0, 1392.5, 1381.0, 1249.5], "16": [17380.0, 17380.0, 10129.0, 10129.0, 6866.0, 6708.0, 4434.0, 4309.0, 3832.5, 3832.5, 718.3333333333333], "17": [35075.0, 35075.0, 33307.0, 30757.0, 18269.0, 17587.0, 4992.0, 5241.0, 3243.5, 3243.5, 1468.0], "18": [5021.0, 5021.0, 27759.5, 27531.5, 3308.0, 3308.0, 2523.5, 2451.5, 2722.5, 2687.5, 313.5], "19": [48735.0, 47595.0, 63759.0, 65595.0, 12124.0, 11195.0, 8836.0, 8161.5, 5402.0, 5029.5, 2002.3333333333333], "20": [654.0, 456.0, 1511.0, 1511.0, 519.0, 519.0, 589.0, 545.0, 30.0, 15.0, 36.0], "21": [40695.5, 40695.5, 5682.0, 5682.0, 2945.0, 2945.0, 4102.0, 3538.0, 951.5, 951.5, 640.5], "22": [11622.0, 11622.0, 1011.5, 1063.5, 1789.0, 1789.0, 760.0, 760.0, 701.0, 701.0, 311.5], "23": [9682.0, 9682.0, 2850.0, 2549.0, 3457.0, 3312.0, 1018.5, 1018.5, 198.0, 198.0, 448.0], "24": [9000.0, 9000.0, 4336.0, 4336.0, 2349.5, 2349.5, 270.0, 270.0, 374.0, 374.0, 11.0], "25": [288.0, 288.0, 0.0, 0.0, 0.0, 0.0, 3.0, 3.0, 0.0, 0.0, 55.0], "26": [1113.0, 1113.0, 3971.0, 3971.0, 2160.0, 2160.0, 380.0, 380.0, 480.5, 480.5, 290.5], "27": [36233.5, 36233.5, 17454.0, 17454.0, 5598.0, 6181.0, 6950.0, 6852.5, 2773.0, 2579.0, 1946.0], "28": [980.0, 980.0, 630.0, 630.0, 837.0, 837.0, 200.0, 200.0, 98.0, 98.0, 17.0], "29": [456.0, 456.0, 0.0, 0.0, 15.0, 15.0, 158.0, 158.0, 245.0, 245.0, 10.0], "30": [5713.0, 5713.0, 1521.5, 1422.5, 3801.0, 3801.0, 1175.0, 1175.0, 277.0, 277.0, 112.0], "31": [609.0, 609.0, 1395.0, 1395.0, 662.0, 662.0, 219.0, 219.0, 909.0, 901.0, 119.33333333333333], "32": [7816.0, 7816.0, 2083.0, 2083.0, 1406.0, 1600.0, 686.0, 686.0, 273.0, 273.0, 34.0], "33": [4477.0, 4477.0, 2310.0, 2229.0, 818.0, 560.0, 314.0, 314.0, 123.0, 123.0, 215.83333333333334], "34": [3638.0, 3638.0, 1101.0, 1101.0, 541.0, 3028.0, 299.0, 231.0, 222.0, 252.5, 62.5], "35": [25080.0, 25080.0, 5331.0, 5331.0, 5192.0, 5192.0, 1657.0, 1657.0, 1224.0, 1224.0, 887.0], "36": [0.0, 0.0, 726.0, 726.0, 1514.0, 1457.0, 0.0, 0.0, 41.0, 41.0, 12.333333333333332], "37": [0.0, 618.0, 478.0, 237.0, 966.0, 690.0, 909.0, 865.0, 169.0, 169.0, 232.16666666666666], "38": [4994.0, 4994.0, 675.0, 675.0, 366.0, 366.0, 93.0, 93.0, 82.5, 82.5, 98.5], "39": [0.0, 0.0, 3852.0, 3687.0, 1522.0, 1522.0, 195.0, 195.0, 399.0, 390.0, 265.5], "40": [1100.0, 1100.0, 159.0, 159.0, 0.0, 0.0, 0.0, 0.0, 53.0, 46.0, 71.5], "41": [5752.0, 5752.0, 2103.0, 1771.0, 744.0, 744.0, 120.0, 120.0, 511.5, 511.5, 71.5], "42": [1850.0, 1850.0, 1023.0, 1023.0, 195.0, 195.0, 173.0, 173.0, 72.0, 72.0, 58.99999999999997], "43": [7773.5, 7773.5, 0.0, 0.0, 816.0, 605.0, 165.0, 148.5, 0.0, 268.9999999999999, 49.0], "44": [7753.0, 7753.0, 2701.0, 2701.0, 2857.0, 2857.0, 288.0, 288.0, 448.0, 448.0, 374.5], "45": [0.0, 0.0, 1018.0, 1018.0, 0.0, 0.0, 129.0, 129.0, 86.0, 80.5, 79.0], "46": [6044.0, 6044.0, 1658.0, 1658.0, 480.0, 480.0, 30.0, 30.0, 60.0, 60.0, 0.0], "47": [430.0, 430.0, 155.0, 155.0, 104.0, 92.0, 591.0, 531.0, 192.0, 192.0, 48.0], "48": [611.0, 611.0, 368.0, 1452.0, 2531.0, 1869.0, 452.5, 412.5, 749.0, 793.0, 49.0], "49": [768.0, 768.0, 1595.0, 1595.0, 327.0, 327.0, 349.0, 1598.0, 172.0, 219.0, 151.0], "50": [425.0, 6977.0, 1740.0, 5282.0, 1078.0, 2212.0, 505.0, 1398.0, 1035.5, 1536.5, 449.0]}