{"0": [286207.0, 260247.0, 186288.0, 191115.0, 64100.0, 64006.0, 39434.5, 37953.5, 23561.5, 22643.0, 4167.0], "1": [0.0, 641.0, 1440.0, 339.0, 468.0, 468.0, 0.0, 0.0, 0.0, 0.0, 0.0], "2": [25693.0, 25403.0, 23493.0, 23627.0, 21377.0, 21377.0, 5388.0, 5128.0, 9878.0, 8450.0, 669.0], "3": [243778.5, 243778.5, 63577.0, 63577.0, 56215.0, 55522.0, 42892.0, 40530.0, 10788.333333333334, 10668.333333333334, 8816.5], "4": [20530.5, 20530.5, 13389.0, 13389.0, 3576.0, 3576.0, 5792.0, 5792.0, 5116.0, 5083.0, 261.5], "5": [50881.0, 50881.0, 30858.0, 31912.0, 15440.0, 15440.0, 12744.0, 13151.0, 4388.5, 4388.5, 3420.5], "6": [157940.0, 158888.0, 42591.0, 42591.0, 59199.5, 58981.5, 18127.0, 17496.0, 10891.0, 10785.0, 5949.0], "7": [227754.0, 219055.0, 183019.0, 178944.0, 47572.0, 46908.0, 35706.0, 35387.0, 30800.666666666668, 30438.666666666668, 7905.333333333333], "8": [149057.0, 145857.0, 73880.5, 80765.5, 34925.0, 34925.0, 22751.0, 22751.0, 11219.666666666666, 13221.666666666666, 3473.5], "9": [77667.0, 77196.0, 66368.0, 66368.0, 30340.0, 29895.0, 23407.0, 23059.0, 10289.5, 10168.5, 3911.666666666667], "10": [115637.0, 113747.0, 53988.0, 53468.0, 43943.0, 43454.0, 20367.0, 20171.0, 7175.5, 7061.5, 7119.666666666666], "11": [178924.0, 178924.0, 112129.0, 110084.0, 50974.0, 49519.0, 25712.5, 24626.5, 13061.0, 12955.0, 10165.5], "12": [88279.0, 88279.0, 65732.0, 64178.0, 24087.0, 21561.0, 13022.5, 13280.5, 8977.0, 8281.5, 3369.5], "13": [156003.0, 175649.0, 95009.0, 84197.0, 84058.0, 78116.0, 16598.0, 20420.0, 9922.0, 9564.0, 5765.166666666667], "14": [17598.0, 17598.0, 12256.0, 12256.0, 3647.0, 3647.0, 5329.0, 5329.0, 604.0, 604.0, 2896.5], "15": [68236.0, 68835.0, 11626.0, 11368.0, 8446.0, 7944.0, 5532.0, 5532.0, 3544.0, 3742.0, 2556.5], "16": [50575.0, 50575.0, 23941.0, 22908.0, 17746.0, 16656.0, 7719.0, 7719.0, 2982.5, 2840.5, 3709.3333333333335], "17": [0.0, 0.0, 311.0, 311.0, 464.0, 464.0, 116.0, 126.0, 64.0, 64.0, 47.0], "18": [5452.0, 5452.0, 7409.0, 7409.0, 3367.0, 3367.0, 1536.0, 1536.0, 1761.0, 1459.0, 1228.0], "19": [36683.0, 36683.0, 20985.5, 21695.5, 10751.0, 9524.0, 5477.5, 5966.5, 4326.5, 4155.5, 843.0], "20": [29762.0, 29762.0, 33320.0, 33320.0, 9170.0, 9636.0, 10266.5, 10114.5, 1729.0, 1729.0, 2908.5], "21": [8437.0, 8437.0, 4643.0, 4338.0, 1232.0, 1232.0, 576.0, 576.0, 1356.0, 1356.0, 651.0], "22": [11089.5, 11089.5, 9936.0, 9909.0, 10024.5, 10506.5, 1881.0, 1881.0, 2711.3333333333335, 2737.3333333333335, 2138.0], "23": [56636.0, 56636.0, 11962.0, 11962.0, 15264.0, 15264.0, 2546.0, 2546.0, 4701.5, 4327.5, 666.5], "24": [13003.0, 13003.0, 9316.0, 9316.0, 1929.0, 1929.0, 1879.0, 1879.0, 628.0, 628.0, 946.0], "25": [31444.0, 18996.0, 11751.0, 11110.0, 18790.0, 18790.0, 3781.0, 3781.0, 4450.0, 4450.0, 6519.5], "26": [105877.0, 107319.0, 51924.0, 51070.0, 30041.0, 29761.0, 20766.0, 21111.0, 5537.0, 5430.0, 4559.0], "27": [117318.0, 116497.0, 34054.0, 34054.0, 33416.0, 37357.0, 5378.5, 5378.5, 7131.5, 7902.5, 2552.0], "28": [33669.0, 33669.0, 13275.0, 12248.0, 10996.0, 10494.0, 4311.0, 4370.0, 4139.0, 4232.0, 1880.5], "29": [53218.0, 53218.0, 31073.5, 30532.5, 12673.0, 12673.0, 8063.0, 8063.0, 3813.0, 4036.0, 2405.5], "30": [4914.0, 4914.0, 421.0, 421.0, 220.0, 220.0, 330.0, 330.0, 0.0, 0.0, 14.0], "31": [5945.0, 5945.0, 4551.0, 4551.0, 1492.0, 1492.0, 843.0, 843.0, 0.0, 0.0, 45.5], "32": [3704.0, 3704.0, 7482.0, 7482.0, 3465.0, 3429.0, 0.0, 0.0, 161.0, 161.0, 493.5], "33": [0.0, 0.0, 283.0, 283.0, 0.0, 0.0, 385.0, 385.0, 144.0, 144.0, 23.0], "34": [6329.0, 6329.0, 580.0, 580.0, 0.0, 0.0, 528.0, 528.0, 374.0, 374.0, 4.0], "35": [3450.0, 3450.0, 1583.0, 1583.0, 1269.0, 1084.0, 171.0, 171.0, 13.0, 13.0, 58.5], "36": [2635.0, 2635.0, 0.0, 0.0, 297.0, 297.0, 75.0, 75.0, 215.0, 1426.0, 1015.0], "37": [9399.0, 9883.0, 12228.0, 11287.0, 1136.0, 1136.0, 1224.0, 1326.0, 309.0, 309.0, 1086.0], "38": [5903.0, 5903.0, 0.0, 0.0, 758.0, 758.0, 167.0, 167.0, 198.0, 203.99999999999997, 401.0], "39": [4398.0, 4398.0, 2125.0, 2125.0, 2397.0, 2397.0, 970.0, 970.0, 90.0, 90.0, 348.0], "40": [7930.0, 7930.0, 2986.0, 2986.0, 1393.0, 1572.0, 415.0, 415.0, 567.0, 532.0, 101.66666666666664], "41": [2463.0, 2463.0, 6498.0, 6498.0, 77.0, 77.0, 0.0, 0.0, 48.0, 48.0, 0.0], "42": [4749.0, 4749.0, 1494.0, 1494.0, 1565.0, 1565.0, 74.0, 74.0, 60.0, 60.0, 49.0], "43": [0.0, 0.0, 0.0, 0.0, 0.0, 0.0, 0.0, 0.0, 770.0, 770.0, 170.0], "44": [875.0, 588.0, 1223.0, 1223.0, 66.0, 66.0, 322.0, 322.0, 115.0, 115.0, 473.0], "45": [0.0, 0.0, 0.0, 4272.0, 3924.0, 4142.0, 6068.0, 6068.0, 1809.6666666666665, 1152.6666666666667, 2338.0], "46": [596.0, 596.0, 504.0, 504.0, 188.0, 188.0, 0.0, 0.0, 0.0, 0.0, 0.0], "47": [4533.0, 4533.0, 1298.0, 1298.0, 1561.0, 3265.0, 3819.0, 4801.0, 1957.0, 1676.0, 472.0], "48": [10279.0, 10279.0, 3850.0, 3850.0, 0.0, 0.0, 537.0, 537.0, 573.0, 573.0, 219.0], "49": [2898.0, 2898.0, 2690.0, 2690.0, 153.0, 153.0, 13.0, 13.0, 0.0, 0.0, 0.0], "50": [227.0, 14987.0, 0.0, 2826.0, 7476.0, 10722.0, 11314.0, 18152.0, 8037.0, 8957.0, 4265.0]}